date,equity
2016-01-04,100000000.0
2016-01-05,100000000.0
2016-01-06,100000000.0
2016-01-07,100000000.0
2016-01-08,100000000.0
2016-01-11,100000000.0
2016-01-12,100000000.0
2016-01-13,100000000.0
2016-01-14,100000000.0
2016-01-15,100000000.0
2016-01-18,100000000.0
2016-01-19,100000000.0
2016-01-20,100000000.0
2016-01-21,100000000.0
2016-01-22,100000000.0
2016-01-25,100000000.0
2016-01-26,100000000.0
2016-01-27,100000000.0
2016-01-28,100000000.0
2016-01-29,100000000.0
2016-02-01,100000000.0
2016-02-02,100000000.0
2016-02-03,100000000.0
2016-02-04,100000000.0
2016-02-05,100000000.0
2016-02-11,100000000.0
2016-02-12,100000000.0
2016-02-15,100000000.0
2016-02-16,100000000.0
2016-02-17,100000000.0
2016-02-18,100000000.0
2016-02-19,100000000.0
2016-02-22,100000000.0
2016-02-23,100000000.0
2016-02-24,100000000.0
2016-02-25,100000000.0
2016-02-26,100000000.0
2016-02-29,100000000.0
2016-03-02,100000000.0
2016-03-03,99992845.491925
2016-03-04,100036345.491925
2016-03-07,99949345.491925
2016-03-08,100090074.10769905
2016-03-09,100641111.10769905
2016-03-10,100541887.62362406
2016-03-11,100202727.62362406
2016-03-14,99937642.62362406
2016-03-15,99935638.62362406
2016-03-16,99918432.62362406
2016-03-17,99842431.96485907
2016-03-18,100009328.96485907
2016-03-21,100041687.96485907
2016-03-22,99917456.96485907
2016-03-23,99951763.96485907
2016-03-24,99638021.64039607
2016-03-25,99707086.64039607
2016-03-28,100330058.40094358
2016-03-29,100622374.37245357
2016-03-30,101049731.37245357
2016-03-31,101103253.37245357
2016-04-01,100226310.37245357
2016-04-04,99725890.37245357
2016-04-05,99451458.37245357
2016-04-06,99884848.93134359
2016-04-07,100066820.93134359
2016-04-08,99695073.75134557
2016-04-11,99577122.75134557
2016-04-12,99582659.75134557
2016-04-14,100821991.00754558
2016-04-15,99268542.00754558
2016-04-18,98529479.80739358
2016-04-19,98276345.80739358
2016-04-20,97338988.80739358
2016-04-21,97724599.54704358
2016-04-22,97631933.61009358
2016-04-25,97721853.61009358
2016-04-26,97383303.87437358
2016-04-27,97768277.87437358
2016-04-28,97409939.87437358
2016-04-29,97200337.87437358
2016-05-02,97002063.87437358
2016-05-03,97183015.87437358
2016-05-04,96516500.68631399
2016-05-09,96658323.94090983
2016-05-10,96498334.94090983
2016-05-11,96391682.94090983
2016-05-12,96333133.94090983
2016-05-13,96777943.94090983
2016-05-16,96686960.94090983
2016-05-17,97337582.32199964
2016-05-18,97302290.32199964
2016-05-19,96673229.32199964
2016-05-20,96431623.63240865
2016-05-23,96331553.63240865
2016-05-24,96204604.63240865
2016-05-25,96951933.63240865
2016-05-26,97389651.63240865
2016-05-27,97330641.63240865
2016-05-30,97293822.63240865
2016-05-31,97398897.63240865
2016-06-01,96662762.88885865
2016-06-02,96510598.88885865
2016-06-03,96839572.88885865
2016-06-07,97420688.83361864
2016-06-08,99105890.83361864
2016-06-09,97611758.83361864
2016-06-10,98009416.83361864
2016-06-13,97248552.83361864
2016-06-14,96829239.83361864
2016-06-15,95980038.83361864
2016-06-16,95761632.83361864
2016-06-17,95695275.83361864
2016-06-20,96309861.83361864
2016-06-21,96230316.83361864
2016-06-22,96698161.83361864
2016-06-23,96706010.83361864
2016-06-24,94647586.71515824
2016-06-27,94607467.71515824
2016-06-28,94640204.71515824
2016-06-29,95044465.71515824
2016-06-30,95469269.71515824
2016-07-01,95361403.71515824
2016-07-04,95417296.71515824
2016-07-05,95502474.43773524
2016-07-06,95422974.43773524
2016-07-07,95540045.43773524
2016-07-08,95357253.43773524
2016-07-11,95776596.84103525
2016-07-12,95931605.23440525
2016-07-13,96220981.23440525
2016-07-14,95703497.23440525
2016-07-15,95422904.4084025
2016-07-18,95299189.4084025
2016-07-19,95317956.4084025
2016-07-20,95355700.0204544
2016-07-21,94747947.19611439
2016-07-22,94739065.19611439
2016-07-25,94209038.7563024
2016-07-26,94099783.1267153
2016-07-27,94729966.22264779
2016-07-28,94518613.2680288
2016-07-29,94517951.2680288
2016-08-01,95126544.42234814
2016-08-02,95139197.42234814
2016-08-03,94882566.42234814
2016-08-04,94946347.42234814
2016-08-05,96039268.42234814
2016-08-08,95654142.42234814
2016-08-09,96319805.42234814
2016-08-10,95925780.42234814
2016-08-11,96130926.42234814
2016-08-12,96453659.42234814
2016-08-16,96216064.42234814
2016-08-17,96476830.42234814
2016-08-18,96711547.42234814
2016-08-19,96882469.42234814
2016-08-22,96710946.42234814
2016-08-23,96624336.42234814
2016-08-24,96826949.42234814
2016-08-25,96796365.07286444
2016-08-26,96241849.07286444
2016-08-29,96075114.59478444
2016-08-30,96368155.59478444
2016-08-31,97078735.59478444
2016-09-01,97784826.67402565
2016-09-02,97480290.67402565
2016-09-05,98721366.67402565
2016-09-06,98638348.8506028
2016-09-07,98589835.8506028
2016-09-08,98277462.8506028
2016-09-09,97942629.8506028
2016-09-12,97111865.8506028
2016-09-13,96519241.49265012
2016-09-19,96410677.35301012
2016-09-20,95983462.35301012
2016-09-21,96204372.35301012
2016-09-22,96628482.35301012
2016-09-23,96840080.35301012
2016-09-26,96509682.35301012
2016-09-27,97658451.35301012
2016-09-28,97527421.35301012
2016-09-29,97992033.35301012
2016-09-30,97341961.35301012
2016-10-04,97637498.69711512
2016-10-05,97269154.52361402
2016-10-06,97550135.10171402
2016-10-07,97233166.10171402
2016-10-10,97697632.10171402
2016-10-11,97177647.05963802
2016-10-12,97176642.05963802
2016-10-13,96486330.05963802
2016-10-14,95989046.05963802
2016-10-17,95960259.05963802
2016-10-18,96034864.91302302
2016-10-19,95374088.44252983
2016-10-20,95609312.22900982
2016-10-21,95838366.22900982
2016-10-24,96257902.04552482
2016-10-25,96296166.39857501
2016-10-26,95448662.39857501
2016-10-27,95257966.32987422
2016-10-28,94883106.32987422
2016-10-31,94563305.38460642
2016-11-01,95022105.38460642
2016-11-02,94699105.38460642
2016-11-03,94857955.38460642
2016-11-04,94536505.38460642
2016-11-07,94942605.38460642
2016-11-08,94542955.38460642
2016-11-09,93992505.38460642
2016-11-10,95103705.38460642
2016-11-11,94854058.45297381
2016-11-14,94586608.45297381
2016-11-15,94541458.45297381
2016-11-16,94278158.45297381
2016-11-17,94031758.45297381
2016-11-18,94289008.45297381
2016-11-21,93753908.45297381
2016-11-22,94025208.45297381
2016-11-23,94778308.45297381
2016-11-24,94536608.45297381
2016-11-25,94448158.45297381
2016-11-28,94355058.45297381
2016-11-29,94406508.45297381
2016-11-30,94598408.45297381
2016-12-01,94674958.45297381
2016-12-02,94787858.45297381
2016-12-05,94552808.45297381
2016-12-06,94530008.45297381
2016-12-07,94865708.45297381
2016-12-08,95799343.92997631
2016-12-09,95083393.92997631
2016-12-12,95168453.92997631
2016-12-13,94553523.92997631
2016-12-14,94858613.92997631
2016-12-15,94248736.43090172
2016-12-16,94887986.43090172
2016-12-19,94461886.43090172
2016-12-20,94636686.43090172
2016-12-21,94660286.43090172
2016-12-22,94551486.43090172
2016-12-23,94545386.43090172
2016-12-26,94338812.55426572
2016-12-27,94235562.55426572
2016-12-28,93768162.55426572
2016-12-29,93341735.67102602
2017-01-02,93657135.67102602
2017-01-03,94289885.67102602
2017-01-04,94298235.67102602
2017-01-05,93795485.67102602
2017-01-06,93996335.67102602
2017-01-09,94158039.19433263
2017-01-10,94318452.37629762
2017-01-11,95200608.37629762
2017-01-12,95925988.37629762
2017-01-13,95195436.37629762
2017-01-16,95309440.37629762
2017-01-17,95979128.37629762
2017-01-18,95348592.37629762
2017-01-19,95211168.37629762
2017-01-20,94422817.24299622
2017-01-23,94643089.24299622
2017-01-24,94587409.24299622
2017-01-25,95302093.24299622
2017-01-26,96168757.24299622
2017-01-31,95627026.03337061
2017-02-01,96264426.03337061
2017-02-02,96344278.03337061
2017-02-03,96343698.03337061
2017-02-06,96380198.03337061
2017-02-07,95841446.03337061
2017-02-08,95634362.03337061
2017-02-09,95637330.03337061
2017-02-10,95876742.03337061
2017-02-13,95856785.83860062
2017-02-14,95653964.45028862
2017-02-15,95451112.45028862
2017-02-16,95176456.45028862
2017-02-17,95378100.45028862
2017-02-20,95017276.14936362
2017-02-21,95305334.36707363
2017-02-22,95111742.36707363
2017-02-23,95588133.00854862
2017-02-24,94511911.00854862
2017-02-27,93787966.30249286
2017-02-28,94377963.31340395
2017-03-02,94665674.31340395
2017-03-03,94805834.23126015
2017-03-06,94798217.59966734
2017-03-07,95309271.59966734
2017-03-08,95574029.59966734
2017-03-09,95014509.59966734
2017-03-10,95452387.59966734
2017-03-13,96110112.59966734
2017-03-14,96120105.59966734
2017-03-15,96272823.59966734
2017-03-16,97359730.59966734
2017-03-17,97818534.59966734
2017-03-20,97485637.59966734
2017-03-21,97203326.60843736
2017-03-22,96364258.60843736
2017-03-23,97024469.14635235
2017-03-24,96853439.14635235
2017-03-27,96108558.14635235
2017-03-28,95898481.14635235
2017-03-29,95543177.53055236
2017-03-30,95305897.53055236
2017-03-31,95066809.53055236
2017-04-03,94388053.53055236
2017-04-04,94252914.93886624
2017-04-05,94363615.73104125
2017-04-06,94296875.73104125
2017-04-07,94365239.20269124
2017-04-10,93787659.20269124
2017-04-11,93807329.20269124
2017-04-12,94547099.20269124
2017-04-13,94974319.20269124
2017-04-14,94578579.20269124
2017-04-17,94834209.20269124
2017-04-18,94825459.20269124
2017-04-19,94397349.20269124
2017-04-20,94319079.20269124
2017-04-21,94557369.20269124
2017-04-24,95201189.20269124
2017-04-25,95484489.20269124
2017-04-26,95870799.20269124
2017-04-27,96307599.20269124
2017-04-28,95936029.20269124
2017-05-02,95789569.20269124
2017-05-04,96411048.69571003
2017-05-08,97100605.43989417
2017-05-10,97074170.43989417
2017-05-11,97111963.43989417
2017-05-12,97027119.43989417
2017-05-15,96978274.43989417
2017-05-16,97174420.56170116
2017-05-17,97020431.56170116
2017-05-18,96505627.56170116
2017-05-19,96533369.56170116
2017-05-22,96869852.56170116
2017-05-23,97408581.56170116
2017-05-24,97654819.56170116
2017-05-25,97866430.56170116
2017-05-26,98072593.56170116
2017-05-29,98052120.56170116
2017-05-30,97861394.56170116
2017-05-31,97926945.11564118
2017-06-01,98038413.18878117
2017-06-02,98625330.18878117
2017-06-05,98238692.18878117
2017-06-07,97939729.18878117
2017-06-08,97969417.30983117
2017-06-09,97569769.30983117
2017-06-12,96875489.30983117
2017-06-13,97517569.30983117
2017-06-14,97674110.30983117
2017-06-15,96833063.28552318
2017-06-16,97419082.28552318
2017-06-19,97316068.28552318
2017-06-20,97120559.28552318
2017-06-21,96994857.28552318
2017-06-22,97065954.28552318
2017-06-23,97046859.28552318
2017-06-26,97641744.28552318
2017-06-27,97949829.28552318
2017-06-28,97059033.28552318
2017-06-29,98017377.28552318
2017-06-30,97535370.28552318
2017-07-03,96749512.28552318
2017-07-04,96429277.28552318
2017-07-05,96267539.28552318
2017-07-06,96109405.44882438
2017-07-07,96174901.51714188
2017-07-10,96551283.51714188
2017-07-11,96902920.51714188
2017-07-12,96498708.51714188
2017-07-13,97057380.51714188
2017-07-14,97284109.74883837
2017-07-17,98507283.74883837
2017-07-18,98622879.82831225
2017-07-19,98769859.82831225
2017-07-20,98951404.07513726
2017-07-21,98912488.07513726
2017-07-24,99668650.07513726
2017-07-25,98919395.07513726
2017-07-26,99125681.07513726
2017-07-27,99235887.07513726
2017-07-28,98781781.07513726
2017-07-31,99003192.07513726
2017-08-01,99325435.07513726
2017-08-02,99380788.07513726
2017-08-03,98594306.83808726
2017-08-04,98774474.48858726
2017-08-07,98955826.48858726
2017-08-08,98788436.48858726
2017-08-09,97770385.48858726
2017-08-10,97741395.53630726
2017-08-11,96303570.93504727
2017-08-14,96279728.93504727
2017-08-16,95777146.45121607
2017-08-17,96075543.45121607
2017-08-18,95950954.45121607
2017-08-21,95585514.45121607
2017-08-22,96304862.45121607
2017-08-23,96231968.45121607
2017-08-24,96605262.45121607
2017-08-25,96728613.45121607
2017-08-28,96584410.45121607
2017-08-29,96396465.45121607
2017-08-30,96776014.45121607
2017-08-31,96891114.45121607
2017-09-01,96507313.83535132
2017-09-04,96135639.74534781
2017-09-05,95593244.74534781
2017-09-06,95311930.26194581
2017-09-07,95661910.26194581
2017-09-08,95978855.26194581
2017-09-11,96465620.26194581
2017-09-12,95996970.27022472
2017-09-13,96418203.27022472
2017-09-14,96222400.27022472
2017-09-15,95879437.1791332
2017-09-18,95797881.24570982
2017-09-19,96192942.05770981
2017-09-20,96284194.05770981
2017-09-21,96513834.05770981
2017-09-22,94614154.64893502
2017-09-25,94677516.01671301
2017-09-26,94230278.01671301
2017-09-27,94343818.01671301
2017-09-28,94314612.01671301
2017-09-29,94672994.01671301
2017-10-10,95646106.30284801
2017-10-11,96108200.30284801
2017-10-12,96847663.30284801
2017-10-13,97899457.75831623
2017-10-16,96835241.75831623
2017-10-17,97694510.75831623
2017-10-18,97297867.75831623
2017-10-19,96612301.75831623
2017-10-20,96949410.75831623
2017-10-23,97823787.75831623
2017-10-24,97897620.75831623
2017-10-25,98166851.75831623
2017-10-26,97103324.61008725
2017-10-27,97633636.61008725
2017-10-30,97658944.61008725
2017-10-31,97819324.61008725
2017-11-01,98717088.61008725
2017-11-02,98810964.24173725
2017-11-03,99643132.24173725
2017-11-06,99155676.24173725
2017-11-07,98737342.15524724
2017-11-08,100163482.00434503
2017-11-09,100039737.60992503
2017-11-10,100194337.60992503
2017-11-13,99763937.60992503
2017-11-14,100578952.40508479
2017-11-15,101987283.80159879
2017-11-16,101652038.80159879
2017-11-17,99909973.80159879
2017-11-20,101372163.80159879
2017-11-21,101972648.80159879
2017-11-22,101292929.80815719
2017-11-23,101655044.80815719
2017-11-24,101510269.80815719
2017-11-27,101143944.80815719
2017-11-28,100456499.80815719
2017-11-29,100584334.80815719
2017-11-30,99219300.7412006
2017-12-01,99505174.9245106
2017-12-04,100313546.8600106
2017-12-05,98874549.8600106
2017-12-06,97688760.1387406
2017-12-07,97391687.1387406
2017-12-08,97262859.8301606
2017-12-11,97490782.7659156
2017-12-12,97284562.7659156
2017-12-13,97523449.06799561
2017-12-14,97858371.06799561
2017-12-15,98463620.7278386
2017-12-18,98956108.7278386
2017-12-19,98878925.5972786
2017-12-20,98121257.5972786
2017-12-21,97190393.5972786
2017-12-22,98017682.5972786
2017-12-26,97850974.5972786
2017-12-27,98867273.57747859
2017-12-28,99276133.57747859
2018-01-02,98939277.0858057
2018-01-03,99563705.8234145
2018-01-04,97492228.17013118
2018-01-05,98024451.17013118
2018-01-08,98254630.82998043
2018-01-09,98069764.82998043
2018-01-10,98105058.42247742
2018-01-11,98127125.9023931
2018-01-12,99152028.9023931
2018-01-15,100725586.9023931
2018-01-16,100154116.9023931
2018-01-17,99340236.9023931
2018-01-18,99308436.9023931
2018-01-19,97597013.90600988
2018-01-22,96298803.2151408
2018-01-23,97915327.6618583
2018-01-24,96924488.20178446
2018-01-25,97078070.20178446
2018-01-26,97019482.20178446
2018-01-29,97176305.20178446
2018-01-30,96683517.15578647
2018-01-31,94675737.67040141
2018-02-01,94205484.60135609
2018-02-02,93033948.60135609
2018-02-05,92513792.17721479
2018-02-06,90536019.17721479
2018-02-07,89792634.07118478
2018-02-08,89633879.97667047
2018-02-09,89141316.07082742
2018-02-12,90638057.07082742
2018-02-13,90885588.07082742
2018-02-14,91034258.07082742
2018-02-19,91659061.07082742
2018-02-20,91351422.07082742
2018-02-21,91008169.07082742
2018-02-22,90914437.07082742
2018-02-23,90685520.07082742
2018-02-26,90647100.07082742
2018-02-27,90938303.07082742
2018-02-28,90695369.07082742
2018-03-02,89555877.07082742
2018-03-05,88829133.07082742
2018-03-06,88644260.07082742
2018-03-07,88366706.00078842
2018-03-08,88350049.86526842
2018-03-09,88976531.86526842
2018-03-12,89637627.36636443
2018-03-13,88444884.36636443
2018-03-14,88202337.36636443
2018-03-15,88237129.00725242
2018-03-16,89352254.00725242
2018-03-19,86344338.78842673
2018-03-20,87136457.67949294
2018-03-21,87062275.67949294
2018-03-22,86293880.92504062
2018-03-23,84467038.85954617
2018-03-26,85338422.85954617
2018-03-27,85807514.85954617
2018-03-28,85455204.85954617
2018-03-29,86759149.85954617
2018-03-30,86941889.49932927
2018-04-02,86689537.49932927
2018-04-03,86218297.49932927
2018-04-04,87036880.89526826
2018-04-05,87403266.89526826
2018-04-06,88457163.89526826
2018-04-09,89358613.89526826
2018-04-10,90469053.1792354
2018-04-11,90179626.1792354
2018-04-12,88592903.1792354
2018-04-13,88994066.53348495
2018-04-16,89258344.53348495
2018-04-17,89097365.53348495
2018-04-18,88751978.90155905
2018-04-19,88779327.90155905
2018-04-20,89186713.28984411
2018-04-23,89318458.05788396
2018-04-24,88505393.05788396
2018-04-25,87908991.88102716
2018-04-26,87721722.88102716
2018-04-27,88755535.88102716
2018-04-30,90191277.01673701
2018-05-02,90093889.01673701
2018-05-03,88787433.01673701
2018-05-04,89385263.01673701
2018-05-08,87447380.01673701
2018-05-09,87804463.17105761
2018-05-10,88064629.47215262
2018-05-11,88759907.47215262
2018-05-14,90484035.33662656
2018-05-15,90649081.33662656
2018-05-16,88289379.33662656
2018-05-17,87979460.33662656
2018-05-18,88210138.33662656
2018-05-21,88006645.58390975
2018-05-23,87324161.86068925
2018-05-24,86824887.15966806
2018-05-25,83995992.14482039
2018-05-28,86396812.9973582
2018-05-29,84809142.11816481
2018-05-30,84707092.11816481
2018-05-31,84449908.27214241
2018-06-01,84237208.27214241
2018-06-04,83788358.27214241
2018-06-05,84518258.27214241
2018-06-07,84106830.4213194
2018-06-08,83599129.44710681
2018-06-11,84047579.44710681
2018-06-12,83839861.2872318
2018-06-14,83556661.2872318
2018-06-15,83059261.2872318
2018-06-18,82222961.2872318
2018-06-19,82024657.1907213
2018-06-20,82582207.1907213
2018-06-21,82364407.1907213
2018-06-22,82788609.7796413
2018-06-25,83131659.7796413
2018-06-26,82445235.9165113
2018-06-27,82514985.9165113
2018-06-28,82113885.9165113
2018-06-29,82075085.9165113
2018-07-02,81988985.9165113
2018-07-03,82462635.9165113
2018-07-04,82354285.9165113
2018-07-05,82413735.9165113
2018-07-06,82559385.9165113
2018-07-09,82586335.9165113
2018-07-10,82494985.9165113
2018-07-11,82078935.9165113
2018-07-12,82455485.9165113
2018-07-13,82700185.9165113
2018-07-16,82416735.9165113
2018-07-17,82451635.9165113
2018-07-18,82239235.9165113
2018-07-19,81978935.9165113
2018-07-20,81909135.9165113
2018-07-23,81448485.9165113
2018-07-24,81881335.9165113
2018-07-25,82029885.9165113
2018-07-26,82227635.9165113
2018-07-27,81766696.1949305
2018-07-30,81557396.1949305
2018-07-31,81372246.1949305
2018-08-01,81476896.1949305
2018-08-02,81162946.1949305
2018-08-03,81412496.1949305
2018-08-06,81219296.1949305
2018-08-07,81068254.57703549
2018-08-08,81068254.57703549
2018-08-09,81068254.57703549
2018-08-10,81068254.57703549
2018-08-13,81068254.57703549
2018-08-14,81068254.57703549
2018-08-16,81068254.57703549
2018-08-17,81068254.57703549
2018-08-20,81068254.57703549
2018-08-21,81068254.57703549
2018-08-22,81068254.57703549
2018-08-23,81068254.57703549
2018-08-24,81068254.57703549
2018-08-27,81068254.57703549
2018-08-28,81068254.57703549
2018-08-29,81068254.57703549
2018-08-30,81068254.57703549
2018-08-31,81068254.57703549
2018-09-03,81068254.57703549
2018-09-04,81062453.34005108
2018-09-05,81030509.34005108
2018-09-06,81006397.34005108
2018-09-07,81382773.34005108
2018-09-10,81454757.34005108
2018-09-11,81382773.34005108
2018-09-12,81246637.34005108
2018-09-13,81454757.34005108
2018-09-14,81454757.34005108
2018-09-17,81382773.34005108
2018-09-18,81550853.34005108
2018-09-19,81686901.34005108
2018-09-20,81558861.34005108
2018-09-21,81750965.34005108
2018-09-27,82117808.11486357
2018-09-28,81875228.12149009
2018-10-01,81966984.12149009
2018-10-02,81965858.12149009
2018-10-04,82097456.12149009
2018-10-05,81558583.71971408
2018-10-08,80869315.24366978
2018-10-10,81050516.24366978
2018-10-11,80053935.24366978
2018-10-12,80079173.93428028
2018-10-15,79958927.11368829
2018-10-16,79914473.11368829
2018-10-17,80153036.11368829
2018-10-18,80276297.11368829
2018-10-19,80153567.11368829
2018-10-22,80252306.11368829
2018-10-23,80032733.11368829
2018-10-24,79951148.11368829
2018-10-25,80112587.11368829
2018-10-26,79840496.11368829
2018-10-29,79894085.11368829
2018-10-30,79802645.11368829
2018-10-31,79914473.11368829
2018-11-01,79536911.11368829
2018-11-02,79592010.06348065
2018-11-05,79544778.06348065
2018-11-06,79556586.06348065
2018-11-07,79521162.06348065
2018-11-08,79509354.06348065
2018-11-09,79426698.06348065
2018-11-12,79318589.02584785
2018-11-13,79318589.02584785
2018-11-14,79318589.02584785
2018-11-15,79318589.02584785
2018-11-16,79318589.02584785
2018-11-19,79318589.02584785
2018-11-20,79318589.02584785
2018-11-21,79318589.02584785
2018-11-22,79318589.02584785
2018-11-23,79318589.02584785
2018-11-26,79318589.02584785
2018-11-27,79318589.02584785
2018-11-28,79318589.02584785
2018-11-29,79318589.02584785
2018-11-30,79318589.02584785
2018-12-03,79318589.02584785
2018-12-04,79318589.02584785
2018-12-05,79318589.02584785
2018-12-06,79318589.02584785
2018-12-07,79318589.02584785
2018-12-10,79318589.02584785
2018-12-11,79318589.02584785
2018-12-12,79318589.02584785
2018-12-13,79318589.02584785
2018-12-14,79318589.02584785
2018-12-17,79318589.02584785
2018-12-18,79318589.02584785
2018-12-19,79318589.02584785
2018-12-20,79318589.02584785
2018-12-21,79318589.02584785
2018-12-24,79318589.02584785
2018-12-26,79318589.02584785
2018-12-27,79318589.02584785
2018-12-28,79318589.02584785
2019-01-02,79318589.02584785
2019-01-03,79318589.02584785
2019-01-04,79318589.02584785
2019-01-07,79318589.02584785
2019-01-08,79318589.02584785
2019-01-09,79318589.02584785
2019-01-10,79318589.02584785
2019-01-11,79318589.02584785
2019-01-14,79318589.02584785
2019-01-15,79318589.02584785
2019-01-16,79318589.02584785
2019-01-17,79318589.02584785
2019-01-18,79318589.02584785
2019-01-21,79314797.86691335
2019-01-22,79331947.86691335
2019-01-23,79362817.86691335
2019-01-24,79400547.86691335
2019-01-25,79397117.86691335
2019-01-28,79383397.86691335
2019-01-29,79393687.86691335
2019-01-30,79383397.86691335
2019-01-31,79387997.10873735
2019-02-01,79259575.10873735
2019-02-07,79115012.24280736
2019-02-08,78979084.24280736
2019-02-11,78994997.48147231
2019-02-12,78935257.48147231
2019-02-13,79202624.48147231
2019-02-14,79169835.35907231
2019-02-15,78913185.35907231
2019-02-18,78942588.35907231
2019-02-19,78829788.35907231
2019-02-20,78831578.35907231
2019-02-21,78922035.35907231
2019-02-22,78995668.35907231
2019-02-25,79183238.35907231
2019-02-26,78979988.35907231
2019-02-27,78860668.35907231
2019-02-28,78721268.35907231
2019-03-04,78904623.53158231
2019-03-05,78824802.7548373
2019-03-06,78844585.0771923
2019-03-07,79253359.24517271
2019-03-08,78895162.24517271
2019-03-11,79479508.6739169
2019-03-12,79727112.66159236
2019-03-13,80175360.66159236
2019-03-14,80126734.66159236
2019-03-15,80693117.43689236
2019-03-18,81091610.49857438
2019-03-19,80673837.49857438
2019-03-20,81535861.49857438
2019-03-21,80837666.49857438
2019-03-22,80977229.49857438
2019-03-25,80464547.49857438
2019-03-26,81290189.49857438
2019-03-27,81302676.14030397
2019-03-28,80948749.58810398
2019-03-29,81282561.58810398
2019-04-01,81303045.58810398
2019-04-02,81011129.58810398
2019-04-03,80824906.58810398
2019-04-04,80577514.58810398
2019-04-05,80438970.44935897
2019-04-08,80411557.09900898
2019-04-09,80674730.09900898
2019-04-10,81192624.09900898
2019-04-11,81250116.09900898
2019-04-12,81375659.09900898
2019-04-15,81392803.03240077
2019-04-16,80643664.03240077
2019-04-17,80562292.03240077
2019-04-18,80326874.03240077
2019-04-19,80194015.06037578
2019-04-22,79909503.43529856
2019-04-23,80088202.67034864
2019-04-24,80536878.67034864
2019-04-25,80196625.67034864
2019-04-26,80223360.67034864
2019-04-29,80802580.67034864
2019-04-30,80951337.67034864
2019-05-02,80715173.20847201
2019-05-03,80123873.20847201
2019-05-07,80566023.20847201
2019-05-08,80313330.20847201
2019-05-09,79879565.73388398
2019-05-10,79653388.7526896
2019-05-13,79565247.7526896
2019-05-14,79517247.7526896
2019-05-15,79346505.7685936
2019-05-16,79391046.7685936
2019-05-17,79319146.7685936
2019-05-20,79406437.7685936
2019-05-21,79223305.7685936
2019-05-22,79197655.7685936
2019-05-23,79137805.7685936
2019-05-24,79213205.7685936
2019-05-27,79319305.7685936
2019-05-28,79227205.7685936
2019-05-29,79227205.7685936
2019-05-30,79266455.7685936
2019-05-31,78913955.7685936
2019-06-03,78927555.7685936
2019-06-04,79095055.7685936
2019-06-05,79262516.6280061
2019-06-07,79177016.6280061
2019-06-10,79493366.6280061
2019-06-11,79459166.6280061
2019-06-12,79459166.6280061
2019-06-13,79245416.6280061
2019-06-14,79348016.6280061
2019-06-17,79382216.6280061
2019-06-18,79493366.6280061
2019-06-19,79382216.6280061
2019-06-20,79390766.6280061
2019-06-21,79382216.6280061
2019-06-24,79561766.6280061
2019-06-25,79578866.6280061
2019-06-26,79604516.6280061
2019-06-27,79638716.6280061
2019-06-28,79664366.6280061
2019-07-01,79476266.6280061
2019-07-02,79484816.6280061
2019-07-03,79262516.6280061
2019-07-04,79433516.6280061
2019-07-05,79561766.6280061
2019-07-08,79536116.6280061
2019-07-09,79553216.6280061
2019-07-10,79484816.6280061
2019-07-11,79467716.6280061
2019-07-12,79493366.6280061
2019-07-15,79476266.6280061
2019-07-16,79339466.6280061
2019-07-17,79433516.6280061
2019-07-18,79510466.6280061
2019-07-19,79544666.6280061
2019-07-22,79467716.6280061
2019-07-23,79417412.60957785
2019-07-24,79591202.60957785
2019-07-25,79424747.60957785
2019-07-26,79467137.60957785
2019-07-29,79306442.60957785
2019-07-30,79550312.60957785
2019-07-31,79654487.60957785
2019-08-01,79508672.60957785
2019-08-02,79492037.60957785
2019-08-05,79666577.60957785
2019-08-06,79699847.60957785
2019-08-07,79557932.60957785
2019-08-08,79737017.60957785
2019-08-09,79781162.60957785
2019-08-12,79767782.60957785
2019-08-13,79872887.60957785
2019-08-14,79774937.60957785
2019-08-16,79709792.60957785
2019-08-19,79878647.60957785
2019-08-20,79881722.60957785
2019-08-21,79976417.60957785
2019-08-22,79726892.60957785
2019-08-23,79851887.60957785
2019-08-26,79671587.60957785
2019-08-27,79587947.60957785
2019-08-28,79824197.60957785
2019-08-29,79999562.60957785
2019-08-30,80026142.60957785
2019-09-02,80116937.60957785
2019-09-03,80085062.60957785
2019-09-04,80082737.60957785
2019-09-05,80105132.60957785
2019-09-06,80122697.60957785
2019-09-09,79915457.60957785
2019-09-10,80118617.60957785
2019-09-11,80102627.60957785
2019-09-16,80116472.60957785
2019-09-17,80150207.60957785
2019-09-18,80124557.60957785
2019-09-19,80025201.07679035
2019-09-20,80181666.07679035
2019-09-23,80637906.07679035
2019-09-24,80549084.47866535
2019-09-25,80078729.47866535
2019-09-26,79843534.47866535
2019-09-27,79719134.47866535
2019-09-30,79924634.47866535
2019-10-01,79844804.47866535
2019-10-02,79400679.47866535
2019-10-04,79066119.47866535
2019-10-07,79103139.47866535
2019-10-08,79302769.47866535
2019-10-10,78798104.04224035
2019-10-11,78932549.04224035
2019-10-14,78955754.04224035
2019-10-15,78902249.04224035
2019-10-16,79249979.04224035
2019-10-17,79005689.04224035
2019-10-18,78883799.04224035
2019-10-21,78903599.04224035
2019-10-22,79148234.04224035
2019-10-23,79063137.69408536
2019-10-24,79299177.69408536
2019-10-25,79259247.69408536
2019-10-28,79146432.69408536
2019-10-29,79397502.69408536
2019-10-30,79130807.07679525
2019-10-31,79167496.42512025
2019-11-01,79426014.42512025
2019-11-04,79551836.42512025
2019-11-05,79641493.5592806
2019-11-06,80488854.5592806
2019-11-07,80614096.5592806
2019-11-08,80658227.5592806
2019-11-11,81073226.5592806
2019-11-12,81323014.5592806
2019-11-13,80436973.5592806
2019-11-14,81183333.5592806
2019-11-15,81317235.5592806
2019-11-18,80516857.1291607
2019-11-19,80374134.52120829
2019-11-20,80023549.52120829
2019-11-21,79484520.52120829
2019-11-22,79368393.52120829
2019-11-25,79808814.52120829
2019-11-26,79663659.52120829
2019-11-27,79418779.52120829
2019-11-28,79308295.09591228
2019-11-29,78964393.09591228
2019-12-02,78859025.09591228
2019-12-03,78812045.09591228
2019-12-04,78637143.09591228
2019-12-05,78566185.09591228
2019-12-06,78855541.09591228
2019-12-09,78539577.09591228
2019-12-10,78946285.09591228
2019-12-11,79241785.09591228
2019-12-12,79732664.04184979
2019-12-13,79803566.04184979
2019-12-16,79816536.04184979
2019-12-17,80420369.04184979
2019-12-18,80550776.04184979
2019-12-19,80563719.04184979
2019-12-20,80648964.04184979
2019-12-23,80604252.04184979
2019-12-24,80445805.04184979
2019-12-26,80608347.04184979
2019-12-27,80602560.04184979
2019-12-30,80454335.04184979
2020-01-02,79620283.04184979
2020-01-03,79782448.04184979
2020-01-06,79635590.04184979
2020-01-07,80087003.04184979
2020-01-08,79557250.03561166
2020-01-09,80175101.03561166
2020-01-10,80707768.03561166
2020-01-13,80898897.93874216
2020-01-14,81112501.06453016
2020-01-15,81242485.06453016
2020-01-16,81744402.06453016
2020-01-17,81797718.06453016
2020-01-20,81617168.06453016
2020-01-21,81224689.38388017
2020-01-22,81905360.29306936
2020-01-23,81458708.29306936
2020-01-28,80601080.29306936
2020-01-29,80716147.38995686
2020-01-30,80099830.38995686
2020-01-31,79254085.64740686
2020-02-03,79072446.26241887
2020-02-04,80040375.26241887
2020-02-05,80086284.26241887
2020-02-06,80747652.81441426
2020-02-07,80553930.81441426
2020-02-10,80823047.81441426
2020-02-11,81681156.77011426
2020-02-12,81561970.77011426
2020-02-13,81504164.50521725
2020-02-14,81852070.50521725
2020-02-17,81893796.50521725
2020-02-18,81399538.50521725
2020-02-19,81500858.50521725
2020-02-20,81767278.50521725
2020-02-21,81034106.50521725
2020-02-24,79458736.37650636
2020-02-25,79440768.37650636
2020-02-26,78911322.37650636
2020-02-27,78330492.37650636
2020-02-28,76892282.64338636
2020-03-02,77021708.79382387
2020-03-03,77078456.79382387
2020-03-04,77434628.79382387
2020-03-05,77694056.79382387
2020-03-06,77418284.79382387
2020-03-09,76408845.52373466
2020-03-10,76493613.52373466
2020-03-11,76327869.52373466
2020-03-12,76011405.52373466
2020-03-13,75041483.45541427
2020-03-16,75041483.45541427
2020-03-17,75041483.45541427
2020-03-18,75041483.45541427
2020-03-19,75041483.45541427
2020-03-20,75041483.45541427
2020-03-23,75041483.45541427
2020-03-24,75041483.45541427
2020-03-25,75041483.45541427
2020-03-26,75041483.45541427
2020-03-27,75041483.45541427
2020-03-30,75041483.45541427
2020-03-31,75041483.45541427
2020-04-01,75041483.45541427
2020-04-02,75041483.45541427
2020-04-03,75041483.45541427
2020-04-06,75041483.45541427
2020-04-07,75041483.45541427
2020-04-08,75041483.45541427
2020-04-09,75041483.45541427
2020-04-10,75041483.45541427
2020-04-13,75041483.45541427
2020-04-14,75041483.45541427
2020-04-16,75041483.45541427
2020-04-17,75041483.45541427
2020-04-20,75041483.45541427
2020-04-21,75041483.45541427
2020-04-22,75041483.45541427
2020-04-23,75041483.45541427
2020-04-24,75041483.45541427
2020-04-27,75041483.45541427
2020-04-28,75041483.45541427
2020-04-29,75041483.45541427
2020-05-04,75036116.07686272
2020-05-06,75263199.60607809
2020-05-07,76096727.60607809
2020-05-08,76221587.72091931
2020-05-11,76818948.70654401
2020-05-12,77189986.73424402
2020-05-13,77348012.73424402
2020-05-14,78275893.73424402
2020-05-15,78066180.73424402
2020-05-18,77850823.73424402
2020-05-19,77937755.73424402
2020-05-20,78628310.73424402
2020-05-21,79350411.73424402
2020-05-22,79990482.61779311
2020-05-25,81042465.61779311
2020-05-26,80723452.61779311
2020-05-27,80719429.61779311
2020-05-28,80890818.61779311
2020-05-29,80883572.61779311
2020-06-01,82385985.61779311
2020-06-02,82141062.61779311
2020-06-03,79775576.61779311
2020-06-04,80854150.29828331
2020-06-05,81012872.29828331
2020-06-08,81584308.29828331
2020-06-09,81677931.29828331
2020-06-10,82704772.29828331
2020-06-11,83526295.29828331
2020-06-12,83856810.29828331
2020-06-15,81896430.5666279
2020-06-16,83845220.81972076
2020-06-17,84030444.81972076
2020-06-18,83425952.81972076
2020-06-19,83608587.81972076
2020-06-22,84632652.91941676
2020-06-23,86195384.3349191
2020-06-24,85886632.93481687
2020-06-25,85275943.93481687
2020-06-26,85154716.93481687
2020-06-29,84423316.90682092
2020-06-30,83902045.7500233
2020-07-01,83587191.7500233
2020-07-02,84585493.58003932
2020-07-03,84672328.55139932
2020-07-06,85500833.55139932
2020-07-07,85688981.55139932
2020-07-08,85232939.55139932
2020-07-09,85528943.55139932
2020-07-10,86222405.55139932
2020-07-13,86704842.55139932
2020-07-14,86414633.55139932
2020-07-15,86362550.13431431
2020-07-16,85684391.31143111
2020-07-17,86105136.57098112
2020-07-20,88568685.84159711
2020-07-21,88794606.84159711
2020-07-22,91553916.84159711
2020-07-23,91177286.09709525
2020-07-24,89594135.09709525
2020-07-27,86769140.09709525
2020-07-28,86094735.89554927
2020-07-29,86709542.89554927
2020-07-30,86101434.98449051
2020-07-31,86385058.89590469
2020-08-03,88899883.89590469
2020-08-04,88953891.89590469
2020-08-05,89748771.28181772
2020-08-06,89740734.28181772
2020-08-07,89126203.81704985
2020-08-10,90043600.81704985
2020-08-11,88925498.81704985
2020-08-12,88324508.96405856
2020-08-13,88129102.96405856
2020-08-14,85673743.23063105
2020-08-18,84310009.29552913
2020-08-19,86305085.91327913
2020-08-20,83947169.93376914
2020-08-21,84735905.59968914
2020-08-24,85096931.59968914
2020-08-25,85451354.56481475
2020-08-26,85055830.56481475
2020-08-27,85490629.56481475
2020-08-28,86281757.56481475
2020-08-31,86662777.56481475
2020-09-01,86351939.56481475
2020-09-02,86739986.56481475
2020-09-03,87901431.01528
2020-09-04,87049243.8023275
2020-09-07,87745284.4759727
2020-09-08,87509008.4759727
2020-09-09,88043338.4759727
2020-09-10,88322671.5546216
2020-09-11,88123419.5546216
2020-09-14,88612257.5546216
2020-09-15,88302624.624107
2020-09-16,88235254.624107
2020-09-17,87569154.624107
2020-09-18,88349356.624107
2020-09-21,88106776.4087117
2020-09-22,85942030.1436387
2020-09-23,86545283.61385739
2020-09-24,85194087.61385739
2020-09-25,84687297.92581913
2020-09-28,85381274.84338927
2020-09-29,85179524.84338927
2020-10-05,85280930.28798927
2020-10-06,85101880.28798927
2020-10-07,85601683.02698928
2020-10-08,86530733.02698928
2020-10-12,86762133.36636478
2020-10-13,86567036.19642578
2020-10-14,86008357.32068577
2020-10-15,85341632.13074291
2020-10-16,83980845.5564753
2020-10-19,82546146.5333753
2020-10-20,83700827.3633253
2020-10-21,83805577.3633253
2020-10-22,82961540.9057903
2020-10-23,81420675.8311249
2020-10-26,82076229.8311249
2020-10-27,81306789.8311249
2020-10-28,82054201.8311249
2020-10-29,81814859.8311249
2020-10-30,80829383.8311249
2020-11-02,81728152.1147749
2020-11-03,82056322.1147749
2020-11-04,81966184.1147749
2020-11-05,83160866.08794317
2020-11-06,82853166.08794317
2020-11-09,84787475.90373316
2020-11-10,84711865.98777041
2020-11-11,85527676.98777041
2020-11-12,86154414.13849342
2020-11-13,84860317.35648502
2020-11-16,85977267.57475027
2020-11-17,84623222.57475027
2020-11-18,84398672.57475027
2020-11-19,84268163.57475027
2020-11-20,84359964.57475027
2020-11-23,85619751.57475027
2020-11-24,85217919.57475027
2020-11-25,85003257.57475027
2020-11-26,85448529.57475027
2020-11-27,86004686.57475027
2020-11-30,85594859.57475027
2020-12-01,87154974.57475027
2020-12-02,87629568.56252646
2020-12-03,87789331.56252646
2020-12-04,87710065.44524176
2020-12-07,88632624.44524176
2020-12-08,86776100.14438719
2020-12-09,87482519.78286448
2020-12-10,86944885.78286448
2020-12-11,87233099.78286448
2020-12-14,86545832.78286448
2020-12-15,86493293.78286448
2020-12-16,86969897.78286448
2020-12-17,86939240.78286448
2020-12-18,86722524.78286448
2020-12-21,86324345.78286448
2020-12-22,85405007.78975448
2020-12-23,84948981.02270763
2020-12-24,85063498.94088843
2020-12-28,85107259.94088843
2020-12-29,85826265.94088843
2020-12-30,86417233.94088843
2021-01-04,89780750.94088843
2021-01-05,91488074.94088843
2021-01-06,90810220.31559984
2021-01-07,93336706.31559984
2021-01-08,96990007.29436362
2021-01-11,96169084.29436362
2021-01-12,95623565.29436362
2021-01-13,96100271.29436362
2021-01-14,95856797.29436362
2021-01-15,94657831.91166697
2021-01-18,93807478.91166697
2021-01-19,95230584.91166697
2021-01-20,96604890.91166697
2021-01-21,97550735.91166697
2021-01-22,96992445.91166697
2021-01-25,100000900.91166697
2021-01-26,99349630.95428698
2021-01-27,99004326.95428698
2021-01-28,96747601.85235697
2021-01-29,95131025.74791598
2021-02-01,96291397.85751598
2021-02-02,96856732.22090763
2021-02-03,97925983.22090763
2021-02-04,96919799.22090763
2021-02-05,97863968.22090763
2021-02-08,97367641.9030155
2021-02-09,97189447.34476548
2021-02-10,100783936.3911095
2021-02-15,102502694.3911095
2021-02-16,103377744.3911095
2021-02-17,103118738.3911095
2021-02-18,101444502.3911095
2021-02-19,103326383.3911095
2021-02-22,101254538.37354851
2021-02-23,101891175.37354851
2021-02-24,99033899.37354851
2021-02-25,102235326.5106915
2021-02-26,101457432.5106915
2021-03-02,101541353.37374151
2021-03-03,102895441.3069255
2021-03-04,103464605.3069255
2021-03-05,105118644.0424149
2021-03-08,102700057.1397841
2021-03-09,99963799.21260785
2021-03-10,99602049.21260785
2021-03-11,100421474.03818285
2021-03-12,101306847.63107285
2021-03-15,102515901.04474285
2021-03-16,103294631.04474285
2021-03-17,102909691.04474285
2021-03-18,103136824.39346784
2021-03-19,104566654.39346784
2021-03-22,106711574.39346784
2021-03-23,105764774.39346784
2021-03-24,106238434.39346784
2021-03-25,107370854.39346784
2021-03-26,111959194.39346784
2021-03-29,109297554.39346784
2021-03-30,107510804.39346784
2021-03-31,107895324.39346784
2021-04-01,106007264.39346784
2021-04-02,105949714.39346784
2021-04-05,107813154.39346784
2021-04-06,107853814.39346784
2021-04-07,108867804.39346784
2021-04-08,108353564.39346784
2021-04-09,107789314.39346784
2021-04-12,107551124.39346784
2021-04-13,107885564.39346784
2021-04-14,108669524.39346784
2021-04-15,109071774.39346784
2021-04-16,113299181.60943186
2021-04-19,114302171.60943186
2021-04-20,115211441.60943186
2021-04-21,114216561.60943186
2021-04-22,116141141.60943186
2021-04-23,116105601.60943186
2021-04-26,119092841.24260356
2021-04-27,119044075.01438755
2021-04-28,118546385.01438755
2021-04-29,118411572.24565116
2021-04-30,117711930.24565116
2021-05-03,116169832.58419801
2021-05-04,116140358.695976
2021-05-06,121381213.58637601
2021-05-07,122050093.58637601
2021-05-10,122301863.12389201
2021-05-11,123555032.2505352
2021-05-12,124970093.77674201
2021-05-13,122786333.77674201
2021-05-14,121978367.8528986
2021-05-17,120168948.4463351
2021-05-18,119315868.1839876
2021-05-20,119897853.64678827
2021-05-21,117954703.64678827
2021-05-24,119543446.84803827
2021-05-25,120568169.12718898
2021-05-26,122137299.28202897
2021-05-27,122636316.28202897
2021-05-28,123566167.28202897
2021-05-31,123495557.28202897
2021-06-01,121704942.28202897
2021-06-02,123852772.28202897
2021-06-03,123655709.28202897
2021-06-04,123622003.28202897
2021-06-07,127618510.09914798
2021-06-08,124235887.77807474
2021-06-09,124154499.77807474
2021-06-10,122658024.77807474
2021-06-11,121231378.77807474
2021-06-14,120900464.77807474
2021-06-15,121032917.34352474
2021-06-16,122188416.34352474
2021-06-17,122928436.34352474
2021-06-18,124140528.34352474
2021-06-21,122717925.77380833
2021-06-22,123986810.05862519
2021-06-23,124158152.05862519
2021-06-24,125673888.05862519
2021-06-25,124096314.05862519
2021-06-28,126196403.05862519
2021-06-29,128304730.05862519
2021-06-30,128956156.05862519
2021-07-01,129036015.14152919
2021-07-02,129900548.14152919
2021-07-05,130859373.14152919
2021-07-06,129319639.17679828
2021-07-07,128478007.17679828
2021-07-08,126005844.9489283
2021-07-09,125781028.04938479
2021-07-12,126339188.04938479
2021-07-13,128410149.7973688
2021-07-14,128984094.7973688
2021-07-15,130176981.7973688
2021-07-16,129832230.7973688
2021-07-19,130074901.14606646
2021-07-20,128375725.14606646
2021-07-21,127748750.14606646
2021-07-22,128287073.4494541
2021-07-23,128107645.23281209
2021-07-26,128078248.23281209
2021-07-27,127066018.23281209
2021-07-28,126379233.23281209
2021-07-29,127595726.71794209
2021-07-30,128334960.71794209
2021-08-02,127883241.71794209
2021-08-03,127605641.0926877
2021-08-04,128043963.1165077
2021-08-05,127511192.1165077
2021-08-06,127813720.1165077
2021-08-09,128337227.1165077
2021-08-10,127791845.1165077
2021-08-11,127679506.49125329
2021-08-12,127944441.0147111
2021-08-13,125988396.28118029
2021-08-17,124186629.4962381
2021-08-18,125315996.4962381
2021-08-19,122979989.4962381
2021-08-20,122101889.4962381
2021-08-23,123032068.4962381
2021-08-24,123990621.82394311
2021-08-25,123888044.82394311
2021-08-26,123888927.33629811
2021-08-27,125432623.33629811
2021-08-30,126976849.4365163
2021-08-31,126217241.0027459
2021-09-01,125427781.2939802
2021-09-02,125404914.0612233
2021-09-03,127407051.66234866
2021-09-06,126832541.50171575
2021-09-07,126951713.74895756
2021-09-08,125896421.74895756
2021-09-09,126564325.74895756
2021-09-10,126124290.29899135
2021-09-13,125865337.29899135
2021-09-14,129534305.69689137
2021-09-15,129119912.69689137
2021-09-16,130191575.69689137
2021-09-17,130912199.57546136
2021-09-23,130725091.57546136
2021-09-24,131418774.57546136
2021-09-27,129990696.57546136
2021-09-28,129200297.57546136
2021-09-29,128326106.51323137
2021-09-30,128218436.51323137
2021-10-01,129377946.51323137
2021-10-05,130474312.33672136
2021-10-06,128364060.33672136
2021-10-07,129190441.32489736
2021-10-08,129015714.32489736
2021-10-12,128634522.32489736
2021-10-13,129071688.32489736
2021-10-14,132007803.32489736
2021-10-15,132705217.32489736
2021-10-18,134798157.54137132
2021-10-19,136515780.54137132
2021-10-20,134686713.54137132
2021-10-21,135206183.54137132
2021-10-22,134242661.54137132
2021-10-25,134667902.54137132
2021-10-26,137533136.63793632
2021-10-27,138075868.63724917
2021-10-28,135850742.63724917
2021-10-29,139115672.63724917
2021-11-01,139354010.63724917
2021-11-02,139684024.63724917
2021-11-03,140268858.63724917
2021-11-04,137950570.85845917
2021-11-05,138540280.503515
2021-11-08,141454630.503515
2021-11-09,143726930.503515
2021-11-10,141620505.503515
2021-11-11,142347530.503515
2021-11-12,143170780.503515
2021-11-15,143567005.503515
2021-11-16,145416847.530575
2021-11-17,146681196.530575
2021-11-18,149329022.530575
2021-11-19,148366944.47837502
2021-11-22,145416769.97352
2021-11-23,139692694.97352
2021-11-24,140272211.206868
2021-11-25,137605836.206868
2021-11-26,138589480.187458
2021-11-29,138512305.187458
2021-11-30,138462712.1502055
2021-12-01,138315712.1502055
2021-12-02,138504712.1502055
2021-12-03,138483712.1502055
2021-12-06,138651712.1502055
2021-12-07,139176712.1502055
2021-12-08,138651712.1502055
2021-12-09,138819712.1502055
2021-12-10,138567712.1502055
2021-12-13,138677158.6163305
2021-12-14,138539658.6163305
2021-12-15,139393158.6163305
2021-12-16,139294158.6163305
2021-12-17,139227658.6163305
2021-12-20,138663658.6163305
2021-12-21,139531158.6163305
2021-12-22,139245658.6163305
2021-12-23,140083527.4473305
2021-12-24,139560027.4473305
2021-12-27,139276527.4473305
2021-12-28,140283979.08913052
2021-12-29,140415673.9415406
2021-12-30,141861087.8806906
2022-01-03,139984632.6764566
2022-01-04,137413735.4565286
2022-01-05,135991465.4565286
2022-01-06,134036946.9577686
2022-01-07,134965686.95776862
2022-01-10,132760500.9577686
2022-01-11,133185734.9577686
2022-01-12,133390836.9577686
2022-01-13,132914798.9577686
2022-01-14,133024332.9577686
2022-01-17,132699514.9144558
2022-01-18,132357014.9144558
2022-01-19,131994514.9144558
2022-01-20,132465014.9144558
2022-01-21,131430079.4896008
2022-01-24,131080749.16991282
2022-01-25,131080749.16991282
2022-01-26,131080749.16991282
2022-01-27,131080749.16991282
2022-01-28,131080749.16991282
2022-02-03,131080749.16991282
2022-02-04,131080749.16991282
2022-02-07,131080749.16991282
2022-02-08,131080749.16991282
2022-02-09,131080749.16991282
2022-02-10,131080749.16991282
2022-02-11,131080749.16991282
2022-02-14,131080749.16991282
2022-02-15,131080749.16991282
2022-02-16,131080749.16991282
2022-02-17,131080749.16991282
2022-02-18,131080749.16991282
2022-02-21,131080749.16991282
2022-02-22,131080749.16991282
2022-02-23,131080749.16991282
2022-02-24,131080749.16991282
2022-02-25,131080749.16991282
2022-02-28,131080749.16991282
2022-03-02,131080749.16991282
2022-03-03,131080749.16991282
2022-03-04,131080749.16991282
2022-03-07,131080749.16991282
2022-03-08,131080749.16991282
2022-03-10,131080749.16991282
2022-03-11,131080749.16991282
2022-03-14,131080749.16991282
2022-03-15,131080749.16991282
2022-03-16,131080749.16991282
2022-03-17,131080749.16991282
2022-03-18,131080749.16991282
2022-03-21,131080749.16991282
2022-03-22,131080749.16991282
2022-03-23,131080749.16991282
2022-03-24,131080749.16991282
2022-03-25,131080749.16991282
2022-03-28,131080749.16991282
2022-03-29,131080749.16991282
2022-03-30,131080749.16991282
2022-03-31,131080749.16991282
2022-04-01,131080749.16991282
2022-04-04,131080749.16991282
2022-04-05,131061948.9330278
2022-04-06,130431548.9330278
2022-04-07,130120866.14169881
2022-04-08,130089666.14169881
2022-04-11,130089666.14169881
2022-04-12,130058466.14169881
2022-04-13,130152066.14169881
2022-04-14,130136466.14169881
2022-04-15,129910266.14169881
2022-04-18,130011666.14169881
2022-04-19,130011666.14169881
2022-04-20,129933666.14169881
2022-04-21,129978942.76011416
2022-04-22,130034637.76011416
2022-04-25,129030135.85503218
2022-04-26,129030135.85503218
2022-04-27,129030135.85503218
2022-04-28,129030135.85503218
2022-04-29,129030135.85503218
2022-05-02,129030135.85503218
2022-05-03,129030135.85503218
2022-05-04,129030135.85503218
2022-05-06,129030135.85503218
2022-05-09,129030135.85503218
2022-05-10,129030135.85503218
2022-05-11,129030135.85503218
2022-05-12,129030135.85503218
2022-05-13,129030135.85503218
2022-05-16,129030135.85503218
2022-05-17,129030135.85503218
2022-05-18,129030135.85503218
2022-05-19,129030135.85503218
2022-05-20,129030135.85503218
2022-05-23,129030135.85503218
2022-05-24,129030135.85503218
2022-05-25,129030135.85503218
2022-05-26,129030135.85503218
2022-05-27,129030135.85503218
2022-05-30,129030135.85503218
2022-05-31,129030135.85503218
2022-06-02,129030135.85503218
2022-06-03,129030135.85503218
2022-06-07,129030135.85503218
2022-06-08,129030135.85503218
2022-06-09,129030135.85503218
2022-06-10,129030135.85503218
2022-06-13,129030135.85503218
2022-06-14,129030135.85503218
2022-06-15,129030135.85503218
2022-06-16,129030135.85503218
2022-06-17,129030135.85503218
2022-06-20,129030135.85503218
2022-06-21,129030135.85503218
2022-06-22,129030135.85503218
2022-06-23,129030135.85503218
2022-06-24,129030135.85503218
2022-06-27,129030135.85503218
2022-06-28,129030135.85503218
2022-06-29,129030135.85503218
2022-06-30,129030135.85503218
2022-07-01,129030135.85503218
2022-07-04,129030135.85503218
2022-07-05,129030135.85503218
2022-07-06,129030135.85503218
2022-07-07,129030135.85503218
2022-07-08,129030135.85503218
2022-07-11,129030135.85503218
2022-07-12,129030135.85503218
2022-07-13,129030135.85503218
2022-07-14,129030135.85503218
2022-07-15,129030135.85503218
2022-07-18,129030135.85503218
2022-07-19,129030135.85503218
2022-07-20,129030135.85503218
2022-07-21,129030135.85503218
2022-07-22,129030135.85503218
2022-07-25,129030135.85503218
2022-07-26,129030135.85503218
2022-07-27,129030135.85503218
2022-07-28,129030135.85503218
2022-07-29,129030135.85503218
2022-08-01,129030135.85503218
2022-08-02,129030135.85503218
2022-08-03,129030135.85503218
2022-08-04,129030135.85503218
2022-08-05,129030135.85503218
2022-08-08,129011727.18671468
2022-08-09,128561959.31708828
2022-08-10,128575098.25533678
2022-08-11,128310774.25533678
2022-08-12,128027555.25533678
2022-08-16,128177018.25533678
2022-08-17,127977124.39967677
2022-08-18,128376459.39967677
2022-08-19,128214619.86368927
2022-08-22,128221085.86368927
2022-08-23,128557604.41755721
2022-08-24,128619762.50374381
2022-08-25,128643525.4087488
2022-08-26,129310829.4087488
2022-08-29,129220537.4087488
2022-08-30,128943057.4087488
2022-08-31,129337159.8409208
2022-09-01,128558987.8409208
2022-09-02,128288544.02146481
2022-09-05,128746982.02146481
2022-09-06,129395562.64550681
2022-09-07,128655237.64550681
2022-09-08,128717817.64550681
2022-09-13,128029265.64550681
2022-09-14,127870748.64550681
2022-09-15,128027271.64550681
2022-09-16,127227991.89491731
2022-09-19,126860791.83766721
2022-09-20,127118997.83766721
2022-09-21,127035223.83766721
2022-09-22,127492987.83766721
2022-09-23,126928327.83766721
2022-09-26,125984863.83766721
2022-09-27,126110463.86703521
2022-09-28,125851535.86703521
2022-09-29,125838833.86703521
2022-09-30,125825383.86703521
2022-10-04,126390099.86703521
2022-10-05,126400927.86703521
2022-10-06,126176973.86703521
2022-10-07,125783717.86703521
2022-10-11,125380312.45705493
2022-10-12,125170368.99773273
2022-10-13,125170368.99773273
2022-10-14,125170368.99773273
2022-10-17,125170368.99773273
2022-10-18,125170368.99773273
2022-10-19,125170368.99773273
2022-10-20,125170368.99773273
2022-10-21,125170368.99773273
2022-10-24,125170368.99773273
2022-10-25,125170368.99773273
2022-10-26,125170368.99773273
2022-10-27,125170368.99773273
2022-10-28,125170368.99773273
2022-10-31,125170368.99773273
2022-11-01,125170368.99773273
2022-11-02,125170368.99773273
2022-11-03,125170368.99773273
2022-11-04,125164394.19851273
2022-11-07,125088794.19851273
2022-11-08,125029394.19851273
2022-11-09,125061244.58757773
2022-11-10,124550808.76876523
2022-11-11,124447664.33350523
2022-11-14,124391943.30186619
2022-11-15,124692178.68462619
2022-11-16,125228364.68462619
2022-11-17,124942441.68462619
2022-11-18,124699617.68462619
2022-11-21,124437508.68462619
2022-11-22,124543827.27458619
2022-11-23,125001687.27458619
2022-11-24,125089671.27458619
2022-11-25,125285493.27458619
2022-11-28,124835344.57991293
2022-11-29,124878642.21431293
2022-11-30,124889492.19049323
2022-12-01,124031742.19049323
2022-12-02,123226760.62388362
2022-12-05,122949426.57632121
2022-12-06,122552326.57632121
2022-12-07,122551826.57632121
2022-12-08,122488026.57632121
2022-12-09,122418026.57632121
2022-12-12,122866826.57632121
2022-12-13,122735026.57632121
2022-12-14,123148326.57632121
2022-12-15,123229026.57632121
2022-12-16,123219026.57632121
2022-12-19,123171026.57632121
2022-12-20,123004926.57632121
2022-12-21,123445026.57632121
2022-12-22,123381126.57632121
2022-12-23,123124526.57632121
2022-12-26,123208426.57632121
2022-12-27,123345426.57632121
2022-12-28,122971226.57632121
2022-12-29,122708926.57632121
2023-01-02,122218126.57632121
2023-01-03,121908641.82787082
2023-01-04,121502152.06238042
2023-01-05,121656152.06238042
2023-01-06,121612152.06238042
2023-01-09,121700152.06238042
2023-01-10,121678152.06238042
2023-01-11,121502152.06238042
2023-01-12,121540340.86049642
2023-01-13,121809020.86049642
2023-01-16,121964785.71388641
2023-01-17,121954765.71388641
2023-01-18,121960965.71388641
2023-01-19,122045980.32463641
2023-01-20,122565445.24890642
2023-01-25,123111975.24890642
2023-01-26,122840527.71850643
2023-01-27,123345527.71850643
2023-01-30,122324997.71850643
2023-01-31,122695847.71850643
2023-02-01,122519261.82890642
2023-02-02,121572871.82890642
2023-02-03,122652121.82890642
2023-02-06,121853081.82890642
2023-02-07,121756581.82890642
2023-02-08,122319881.82890642
2023-02-09,122303484.24316972
2023-02-10,122148290.24316972
2023-02-13,122883611.68697771
2023-02-14,123078978.49859071
2023-02-15,123360842.49859071
2023-02-16,124839941.35510023
2023-02-17,124293514.35510023
2023-02-20,124956117.35510023
2023-02-21,125387453.35510023
2023-02-22,124119209.35510023
2023-02-23,125525655.80965523
2023-02-24,124804571.80965523
2023-02-27,126067349.80965523
2023-02-28,125743956.80965523
2023-03-02,126455456.80965523
2023-03-03,126504587.80965523
2023-03-06,126398773.80965523
2023-03-07,125756191.80965523
2023-03-08,127217084.80965523
2023-03-09,127221412.80965523
2023-03-10,126596706.84804323
2023-03-13,128099110.84804323
2023-03-14,126723842.84804323
2023-03-15,130435546.84804323
2023-03-16,129712540.84804323
2023-03-17,128541808.84804323
2023-03-20,128228799.84804323
2023-03-21,129240604.84804323
2023-03-22,130088159.84804323
2023-03-23,129477895.84804323
2023-03-24,128579939.00011387
2023-03-27,128553671.00011387
2023-03-28,129050304.00011387
2023-03-29,131359273.00011387
2023-03-30,131812353.00011387
2023-03-31,132655978.03087789
2023-04-03,133395899.03087789
2023-04-04,131804858.03087789
2023-04-05,132849972.03087789
2023-04-06,132252261.03087789
2023-04-07,134374663.0308779
2023-04-10,138974944.0308779
2023-04-11,141222760.0308779
2023-04-12,138979416.1709019
2023-04-13,138638584.1709019
2023-04-14,138534506.1709019
2023-04-17,138725750.1709019
2023-04-18,140279686.1709019
2023-04-19,139695686.55324587
2023-04-20,139919547.55324587
2023-04-21,138388716.55324587
2023-04-24,138136334.77473837
2023-04-25,138551756.77473837
2023-04-26,138119468.72228837
2023-04-27,141400593.95812836
2023-04-28,141345996.95812836
2023-05-02,141772980.95812836
2023-05-03,140884779.95812836
2023-05-04,140442100.95812836
2023-05-08,139806253.95812836
2023-05-09,139144287.1850449
2023-05-10,138883763.04304492
2023-05-11,138781213.04304492
2023-05-12,136844013.04304492
2023-05-15,136811563.04304492
2023-05-16,136428600.13123992
2023-05-17,136715860.8216856
2023-05-18,138067160.8216856
2023-05-19,139319735.745076
2023-05-22,139530685.745076
2023-05-23,140876235.745076
2023-05-24,140987185.745076
2023-05-25,140329185.745076
2023-05-26,139974885.745076
2023-05-30,140688985.745076
2023-05-31,139710635.745076
2023-06-01,140849135.745076
2023-06-02,141709185.745076
2023-06-05,142757985.745076
2023-06-07,141951435.745076
2023-06-08,142259868.217406
2023-06-09,142756968.217406
2023-06-12,142543518.217406
2023-06-13,142405368.217406
2023-06-14,142908218.217406
2023-06-15,143121818.217406
2023-06-16,143376968.217406
2023-06-19,143647618.217406
2023-06-20,143853868.217406
2023-06-21,142356518.217406
2023-06-22,142900818.217406
2023-06-23,142123068.217406
2023-06-26,142430918.217406
2023-06-27,142298418.217406
2023-06-28,141977218.217406
2023-06-29,141961868.217406
2023-06-30,143826068.217406
2023-07-03,144744668.217406
2023-07-04,145368118.217406
2023-07-05,145904902.3542766
2023-07-06,144046352.3542766
2023-07-07,144130435.3638516
2023-07-10,144482935.3638516
2023-07-11,146167250.0629616
2023-07-12,145168449.45756412
2023-07-13,144657159.45756412
2023-07-14,145438959.45756412
2023-07-17,144302349.45756412
2023-07-18,143807469.45756412
2023-07-19,144291219.0282491
2023-07-20,145148699.0282491
2023-07-21,146436489.0282491
2023-07-24,149600599.0282491
2023-07-25,155120781.2924703
2023-07-26,155500211.2924703
2023-07-27,150297948.16625032
2023-07-28,155088158.16625032
2023-07-31,157084418.16625032
2023-08-01,156166048.16625032
2023-08-02,154715205.3591023
2023-08-03,154219835.3591023
2023-08-04,155041835.3591023
2023-08-07,152963325.3591023
2023-08-08,155722539.2711023
2023-08-09,155496887.26811233
2023-08-10,156238097.26811233
2023-08-11,152838347.26811233
2023-08-14,153277661.7615683
2023-08-16,150914451.7615683
2023-08-17,150857253.58852872
2023-08-18,149395093.58852872
2023-08-21,149130417.1935287
2023-08-22,149364482.92280373
2023-08-23,149318382.92280373
2023-08-24,149724732.92280373
2023-08-25,149583872.92280373
2023-08-28,150446052.92280373
2023-08-29,151154412.92280373
2023-08-30,150829632.92280373
2023-08-31,151881335.15442872
2023-09-01,151602077.33408874
2023-09-04,151959797.33408874
2023-09-05,152936537.33408874
2023-09-06,153905857.33408874
2023-09-07,153876017.33408874
2023-09-08,155791255.3728479
2023-09-11,156649935.3728479
2023-09-12,155488655.3728479
2023-09-13,154994269.09596294
2023-09-14,154598299.09596294
2023-09-15,154701819.09596294
2023-09-18,153158839.09596294
2023-09-19,153273579.09596294
2023-09-20,153470669.09596294
2023-09-21,151542360.75992793
2023-09-22,151266175.12474793
2023-09-25,151103055.12474793
2023-09-26,150199335.12474793
2023-09-27,149894945.12474793
2023-10-04,148937368.70091873
2023-10-05,148953048.70091873
2023-10-06,149383298.70091873
2023-10-10,149411838.70091873
2023-10-11,149541680.25233376
2023-10-12,149812710.25233376
2023-10-13,149711190.25233376
2023-10-16,149900070.25233376
2023-10-17,149993910.25233376
2023-10-18,148374030.19757104
2023-10-19,148249030.19757104
2023-10-20,148006630.19757104
2023-10-23,147811830.19757104
2023-10-24,147774822.17599422
2023-10-25,147711522.17599422
2023-10-26,147553272.17599422
2023-10-27,147278972.17599422
2023-10-30,147489972.17599422
2023-10-31,147437222.17599422
2023-11-01,147458322.17599422
2023-11-02,147373922.17599422
2023-11-03,147795922.17599422
2023-11-06,148112223.51910585
2023-11-07,147590845.51910585
2023-11-08,147348245.51910585
2023-11-09,147055921.51910585
2023-11-10,146401033.68670854
2023-11-13,146879633.68670854
2023-11-14,147086733.68670854
2023-11-15,147473933.68670854
2023-11-16,147556683.68670854
2023-11-17,146741225.23381203
2023-11-20,146490515.23381203
2023-11-21,147702275.23381203
2023-11-22,147927795.23381203
2023-11-23,147642834.43519205
2023-11-24,147198872.74167204
2023-11-27,147714902.74167204
2023-11-28,147985882.74167204
2023-11-29,147326412.74167204
2023-11-30,147768824.75960225
2023-12-01,146738044.75960225
2023-12-04,146784724.75960225
2023-12-05,146666734.75960225
2023-12-06,146918984.75960225
2023-12-07,146553844.75960225
2023-12-08,147217594.75960225
2023-12-11,147906304.75960225
2023-12-12,148629324.75960225
2023-12-13,148432254.75960225
2023-12-14,149493984.75960225
2023-12-15,148996294.75960225
2023-12-18,149815944.75960225
2023-12-19,149744294.75960225
2023-12-20,152241848.36492443
2023-12-21,151867998.36492443
2023-12-22,152684238.36492443
2023-12-26,151860548.36492443
2023-12-27,151128748.36492443
2023-12-28,152072628.36492443
2024-01-02,152522908.36492443
2024-01-03,151211948.36492443
2024-01-04,151299738.36492443
2024-01-05,151384328.36492443
2024-01-08,151519058.36492443
2024-01-09,152057428.36492443
2024-01-10,152833958.36492443
2024-01-11,152419348.36492443
2024-01-12,151835898.36492443
2024-01-15,152280788.36492443
2024-01-16,151377268.36492443
2024-01-17,150183828.36492443
2024-01-18,151018169.44486642
2024-01-19,151601639.15905643
2024-01-22,151501539.15905643
2024-01-23,151314609.15905643
2024-01-24,150851049.15905643
2024-01-25,153025389.15905643
2024-01-26,152938529.15905643
2024-01-29,153157829.15905643
2024-01-30,153449329.15905643
2024-01-31,153416599.15905643
2024-02-01,153649979.49742642
2024-02-02,156909982.7856456
2024-02-05,155655172.7856456
2024-02-06,155076702.7856456
2024-02-07,157135862.7856456
2024-02-08,156898916.0598728
2024-02-13,158363816.0598728
2024-02-14,158102566.0598728
2024-02-15,157437531.4872828
2024-02-16,159483031.4872828
2024-02-19,160631631.4872828
2024-02-20,159268950.9217028
2024-02-21,159247600.9217028
2024-02-22,160607200.9217028
2024-02-23,161122927.07358283
2024-02-26,160157727.07358283
2024-02-27,156839427.07358283
2024-02-28,157306493.3488734
2024-02-29,155505187.6943934
2024-03-04,158423074.2363934
2024-03-05,158163902.2363934
2024-03-06,160582036.2363934
2024-03-07,159672136.2363934
2024-03-08,161116086.2363934
2024-03-11,159554606.2363934
2024-03-12,158507902.2363934
2024-03-13,158658746.2363934
2024-03-14,159128652.2363934
2024-03-15,156413400.2363934
2024-03-18,157295878.2363934
2024-03-19,155252853.22795343
2024-03-20,155038683.62506342
2024-03-21,156208426.05839592
2024-03-22,154591756.4331392
2024-03-25,155318865.5627826
2024-03-26,158496629.74143997
2024-03-27,158127945.90992188
2024-03-28,159582045.90992188
2024-03-29,158277755.90992188
2024-04-01,159511099.90992188
2024-04-02,160238146.91325825
2024-04-03,158379425.91325825
2024-04-04,158731328.91325825
2024-04-05,156617195.91325825
2024-04-08,156473137.35728085
2024-04-09,155326337.38038766
2024-04-11,156846755.38038766
2024-04-12,156500340.38038766
2024-04-15,156345380.38038766
2024-04-16,155123297.49280053
2024-04-17,153992747.49280053
2024-04-18,154901647.49280053
2024-04-19,153386784.37136135
2024-04-22,153472434.37136135
2024-04-23,154103991.82616132
2024-04-24,154180140.00226134
2024-04-25,153902590.00226134
2024-04-26,154906040.00226134
2024-04-29,155244346.98780632
2024-04-30,154082622.86989933
2024-05-02,156831452.86989933
2024-05-03,157112017.81339133
2024-05-07,157463682.42027134
2024-05-08,155752296.34748653
2024-05-09,154092736.34748653
2024-05-10,154380636.34748653
2024-05-13,154479266.34748653
2024-05-14,153246377.35044253
2024-05-16,154217807.35044253
2024-05-17,152211117.35044253
2024-05-20,151870394.01922703
2024-05-21,151417674.01922703
2024-05-22,151834034.01922703
2024-05-23,150638738.0355558
2024-05-24,149557428.0355558
2024-05-27,150483034.3315608
2024-05-28,150856934.3315608
2024-05-29,150498704.3315608
2024-05-30,148518964.3315608
2024-05-31,148969759.1413506
2024-06-03,148804009.1413506
2024-06-04,147152058.5767308
2024-06-05,147132528.5767308
2024-06-07,148131150.5638708
2024-06-10,145953830.5638708
2024-06-11,147195420.5638708
2024-06-12,148672758.3230474
2024-06-13,148921354.46922418
2024-06-14,147600054.46922418
2024-06-17,148502744.46922418
2024-06-18,148500663.016784
2024-06-19,147312142.016784
2024-06-20,146608174.016784
2024-06-21,147031428.016784
2024-06-24,146329681.4983778
2024-06-25,146314385.3589378
2024-06-26,147793185.3589378
2024-06-27,146399115.41846198
2024-06-28,145661415.41846198
2024-07-01,145587865.41846198
2024-07-02,143276865.41846198
2024-07-03,143060455.058217
2024-07-04,142582125.91673428
2024-07-05,142675767.8675547
2024-07-08,142496517.8675547
2024-07-09,142355117.8675547
2024-07-10,142603667.8675547
2024-07-11,143514967.8675547
2024-07-12,143012317.8675547
2024-07-15,143711167.8675547
2024-07-16,144604117.8675547
2024-07-17,144694967.8675547
2024-07-18,144263617.8675547
2024-07-19,143723767.8675547
2024-07-22,143719267.8675547
2024-07-23,144517817.8675547
2024-07-24,145139267.8675547
2024-07-25,142917036.0870095
2024-07-26,145011748.26620448
2024-07-29,146535410.87037024
2024-07-30,146927935.87037024
2024-07-31,146696956.99435067
2024-08-01,147924293.84977067
2024-08-02,144439167.94873068
2024-08-05,139271555.35451448
2024-08-06,139618166.34739348
2024-08-07,140165866.34739348
2024-08-08,140206466.34739348
2024-08-09,140447016.34739348
2024-08-12,140815766.34739348
2024-08-13,140647366.34739348
2024-08-14,140762216.34739348
2024-08-16,140981866.34739348
2024-08-19,141002266.34739348
2024-08-20,141166666.34739348
2024-08-21,141240316.34739348
2024-08-22,141188366.34739348
2024-08-23,141135716.34739348
2024-08-26,141503366.34739348
2024-08-27,141232366.34739348
2024-08-28,141127866.34739348
2024-08-29,141475216.34739348
2024-08-30,141357666.34739348
2024-09-02,141231366.34739348
2024-09-03,141440966.34739348
2024-09-04,141262316.34739348
2024-09-05,141411716.34739348
2024-09-06,141095116.34739348
2024-09-09,141085166.34739348
2024-09-10,141263916.34739348
2024-09-11,140982166.34739348
2024-09-12,140970116.34739348
2024-09-13,141389716.34739348
2024-09-19,141135616.34739348
2024-09-20,141084566.34739348
2024-09-23,141127166.34739348
2024-09-24,141170466.34739348
2024-09-25,140777673.42708427
2024-09-26,141032823.42708427
2024-09-27,141116423.42708427
2024-09-30,140721123.42708427
2024-10-02,140596322.87284428
2024-10-04,140836672.87284428
2024-10-07,140836672.87284428
2024-10-08,140815772.87284428
2024-10-10,140732172.87284428
2024-10-11,140951622.87284428
2024-10-14,141129272.87284428
2024-10-15,141254672.87284428
2024-10-16,141296472.87284428
2024-10-17,141306922.87284428
2024-10-18,141400972.87284428
2024-10-21,141380072.87284428
2024-10-22,141484572.87284428
2024-10-23,141421872.87284428
2024-10-24,141348722.87284428
2024-10-25,141359172.87284428
2024-10-28,141317372.87284428
2024-10-29,141359172.87284428
2024-10-30,141150172.87284428
2024-10-31,141097922.87284428
2024-11-01,141108372.87284428
2024-11-04,141087472.87284428
2024-11-05,141296472.87284428
2024-11-06,141327822.87284428
2024-11-07,141181522.87284428
2024-11-08,141212872.87284428
2024-11-11,141275572.87284428
2024-11-12,141003872.87284428
2024-11-13,140784422.87284428
2024-11-14,140794872.87284428
2024-11-15,140794872.87284428
2024-11-18,141129272.87284428
2024-11-19,141108372.87284428
2024-11-20,141118822.87284428
2024-11-21,141077022.87284428
2024-11-22,141160622.87284428
2024-11-25,141202422.87284428
2024-11-26,141087472.87284428
2024-11-27,141296472.87284428
2024-11-28,141390522.87284428
2024-11-29,141453222.87284428
2024-12-02,141442772.87284428
2024-12-03,142101122.87284428
2024-12-04,141735372.87284428
2024-12-05,141348722.87284428
2024-12-06,141400972.87284428
2024-12-09,140920272.87284428
2024-12-10,141108372.87284428
2024-12-11,141223322.87284428
2024-12-12,141348722.87284428
2024-12-13,141348722.87284428
2024-12-16,141286022.87284428
2024-12-17,141233772.87284428
2024-12-18,141578622.87284428
2024-12-19,141484572.87284428
2024-12-20,141390522.87284428
2024-12-23,141620422.87284428
2024-12-24,141620422.87284428
2024-12-26,141536822.87284428
2024-12-27,140721722.87284428
2024-12-30,140596322.87284428
2025-01-02,140502272.87284428
2025-01-03,140481372.87284428
2025-01-06,140460472.87284428
2025-01-07,140742622.87284428
2025-01-08,140830285.25191927
2025-01-09,140775979.4901493
2025-01-10,141049079.4901493
2025-01-13,141066279.4901493
2025-01-14,141604698.5345518
2025-01-15,144008573.88815176
2025-01-16,144004723.88815176
2025-01-17,144005553.88815176
2025-01-20,143781353.88815176
2025-01-21,145422013.33185178
2025-01-22,142768046.7822268
2025-01-23,140390349.77957478
2025-01-24,143441973.562814
2025-01-31,139799392.5800542
2025-02-03,138810552.5800542
2025-02-04,141429772.5800542
2025-02-05,140931408.35010418
2025-02-06,140779858.35010418
2025-02-07,140953698.35010418
2025-02-10,137961089.45427418
2025-02-11,139898621.21614754
2025-02-12,143373062.55376554
2025-02-13,145922149.55376554
2025-02-14,143964225.68135884
2025-02-17,145393624.84885383
2025-02-18,147724631.2725143
2025-02-19,149104520.9586921
2025-02-20,144924786.9586921
2025-02-21,144730836.9586921
2025-02-24,144411842.1450246
2025-02-25,146945554.1450246
2025-02-26,145704018.1450246
2025-02-27,145789032.1450246
2025-02-28,141021862.4034066
2025-03-04,145454015.3851066
2025-03-05,146782139.3851066
2025-03-06,146820839.3851066
2025-03-07,146888059.3851066
2025-03-10,146396665.3851066
2025-03-11,144617749.3851066
2025-03-12,143201067.3851066
2025-03-13,143678698.39403158
2025-03-14,144197788.39403158
2025-03-17,145910070.39403158
2025-03-18,147296754.39403158
2025-03-19,145756358.39403158
2025-03-20,143966926.49076158
2025-03-21,143477852.49076158
2025-03-24,143949344.6599254
2025-03-25,141833804.6599254
2025-03-26,142465444.6599254
2025-03-27,140875594.6599254
2025-03-28,140252934.6599254
2025-03-31,139896224.6599254
2025-04-01,141699754.6599254
2025-04-02,141033064.6599254
2025-04-03,139282798.7878154
2025-04-04,138592818.7878154
2025-04-07,135049818.0716954
2025-04-08,135847368.0716954
2025-04-09,135637658.0716954
2025-04-10,138042828.0716954
2025-04-11,139222928.0716954
2025-04-14,138661128.0716954
2025-04-15,139356008.0716954
2025-04-16,139242358.0716954
2025-04-17,139798878.0716954
2025-04-18,139588825.2549754
2025-04-21,138643365.2549754
2025-04-22,138933435.2549754
2025-04-23,139330635.2549754
2025-04-24,139479134.7765466
2025-04-25,139789934.5621916
2025-04-28,140279294.5621916
2025-04-29,140333510.3063421
2025-04-30,140234720.3063421
2025-05-02,140701980.5154679
2025-05-07,141092990.5154679
2025-05-08,141399230.5154679
2025-05-09,141741850.5154679
2025-05-12,140737760.5154679
2025-05-13,140764987.3101759
2025-05-14,141311178.72350252
2025-05-15,140817778.72350252
2025-05-16,142021308.72350252
2025-05-19,142016628.72350252
2025-05-20,142229728.72350252
2025-05-21,144429605.4673081
2025-05-22,143384145.4673081
2025-05-23,143816365.4673081
2025-05-26,145487915.4673081
2025-05-27,147582520.1820381
2025-05-28,145708820.1820381
2025-05-29,148299090.1820381
2025-05-30,149068900.1820381
2025-06-02,150261740.1820381
2025-06-04,152072635.1688491
2025-06-05,151952155.1688491
2025-06-09,153438335.1688491
2025-06-10,155184725.1688491
2025-06-11,156371129.39294028
2025-06-12,157227479.39294028
2025-06-13,155750999.39294028
2025-06-16,158882443.5355303
2025-06-17,158570453.5355303
2025-06-18,159508623.5355303
2025-06-19,159852643.5355303
2025-06-20,158896083.5355303
2025-06-23,161093823.5355303
2025-06-24,162414336.4297803
2025-06-25,161216599.4604714
2025-06-26,161963245.31266236
2025-06-27,160834555.31266236
2025-06-30,162285745.31266236
2025-07-01,160095855.31266236
2025-07-02,156783734.26294705
2025-07-03,156501724.18045205
2025-07-04,153146172.39536005
2025-07-07,153022353.57494205
2025-07-08,155054013.57494205
2025-07-09,155432157.27697966
2025-07-10,157304157.27697966
2025-07-11,158067857.27697966
2025-07-14,159556267.27697966
2025-07-15,159425797.27697966
2025-07-16,157089931.87570387
2025-07-17,155673191.87570387
2025-07-18,154357111.87570387
2025-07-21,155208528.55487537
2025-07-22,154909438.55487537
2025-07-23,154853748.55487537
2025-07-24,153235882.43765035
2025-07-25,152144082.43765035
2025-07-28,149857568.99079156
2025-07-29,149053571.31903157
2025-07-30,146327531.31903157
2025-07-31,149381691.31903157
2025-08-01,146257851.72508
2025-08-04,147266458.05812612
2025-08-05,148413820.89406362
2025-08-06,148388950.89406362
2025-08-07,150474860.89406362
2025-08-08,153675854.86143664
2025-08-11,150518181.90835294
2025-08-12,149265231.90835294
2025-08-13,148170829.75584438
2025-08-14,145539751.79379165
2025-08-18,144307143.03444707
2025-08-19,143088043.03444707
2025-08-20,143232087.92952746
2025-08-21,144518237.92952746
2025-08-22,144277235.13682747
2025-08-25,144924962.17474666
2025-08-26,145784098.17474666
2025-08-27,145671038.17474666
2025-08-28,145130922.88116205
2025-08-29,146404122.88116205
2025-09-01,145913272.88116205
2025-09-02,145423817.05864042
2025-09-03,145321343.59966046
2025-09-04,145228643.59966046
2025-09-05,144082493.59966046
2025-09-08,144998843.59966046
2025-09-09,143326200.92568046
2025-09-10,144364050.92568046
2025-09-11,144764150.92568046
2025-09-12,143279170.46679205
2025-09-15,143261820.46679205
2025-09-16,144847620.46679205
2025-09-17,143920820.46679205
2025-09-18,145211570.46679205
2025-09-19,144811517.26394674
2025-09-22,145933207.26394674
2025-09-23,147258705.89474535
2025-09-24,148228268.47874936
2025-09-25,146484137.47874936
2025-09-26,143435034.47874936
2025-09-29,145610134.47874936
2025-09-30,147504934.47874936
2025-10-01,149914684.47874936
2025-10-02,151538491.39913416
2025-10-10,156971650.23620316
2025-10-13,156003400.23620316
2025-10-14,153285374.39589167
2025-10-15,160535593.3268051
2025-10-16,159939633.3268051
2025-10-17,159009223.3268051
2025-10-20,161035253.3268051
2025-10-21,160313013.3268051
2025-10-22,161131043.3268051
2025-10-23,161985493.3268051
2025-10-24,164277632.3485836
2025-10-27,168563262.3485836
2025-10-28,167543452.3485836
2025-10-29,170406172.3485836
2025-10-30,171026272.3485836
2025-10-31,170785872.3485836
2025-11-03,176857505.1431081
2025-11-04,173479155.1431081
2025-11-05,171114326.69493312
2025-11-06,169962555.8697556
2025-11-07,167228605.8697556
2025-11-10,171461781.8757763
2025-11-11,175228481.8757763
2025-11-12,177092081.8757763
2025-11-13,176001089.6863963
2025-11-14,172969439.6863963
2025-11-17,177253739.6863963
2025-11-18,173564353.5851913
2025-11-19,173849903.5851913
2025-11-20,176285167.11289132
2025-11-21,173064517.11289132
2025-11-24,172478810.9669793
2025-11-25,172770024.8506893
2025-11-26,174875624.8506893
2025-11-27,175480524.8506893
2025-11-28,174572124.8506893
2025-12-01,173370224.8506893
2025-12-02,176230516.4324418
2025-12-03,178023312.73976082
2025-12-04,175653112.73976082
2025-12-05,176225112.73976082
2025-12-08,176537612.73976082
2025-12-09,176910412.73976082
2025-12-10,178401912.73976082
2025-12-11,179221712.73976082
2025-12-12,177750462.73976082
2025-12-15,179049808.47055972
2025-12-16,175834995.8212347
2025-12-17,174499156.9690547
2025-12-18,170997175.43562472
2025-12-19,171633425.30856472
2025-12-22,170917356.4080033
2025-12-23,171584896.4080033
2025-12-24,171531356.4080033
2025-12-26,171881726.57006106
2025-12-29,171256646.57006106
2025-12-30,169573680.15891105
2026-01-02,174295660.15891105
2026-01-05,177523910.15891105
2026-01-06,179170160.15891105
2026-01-07,180084760.15891105
2026-01-08,179596812.15963426
2026-01-09,182388762.15963426
2026-01-12,182675662.15963426
2026-01-13,186661982.02686986
2026-01-14,186538682.02686986
2026-01-15,188392982.02686986
2026-01-16,190231982.02686986
2026-01-19,194514582.02686986
2026-01-20,198600166.48122707
2026-01-21,205528966.48122707
2026-01-22,205824412.92276305
2026-01-23,196305612.92276305
2026-01-26,192408612.92276305
2026-01-27,194900012.92276305
2026-01-28,197698989.67538306
2026-01-29,200172789.67538306
2026-01-30,204788089.67538306
2026-02-02,198727089.67538306
2026-02-03,207346389.67538306
2026-02-04,208985089.67538306
2026-02-05,204893089.67538306
2026-02-06,200799189.67538306
2026-02-09,205484678.69106156
2026-02-10,203982880.69106156
2026-02-11,202310526.69106156
2026-02-12,204624879.17487156
2026-02-13,207393140.20181954
2026-02-19,226160517.59198457
2026-02-20,225851949.59198457
2026-02-23,224369082.59198457
2026-02-24,226671445.59198457
2026-02-25,231034665.59198457
2026-02-26,236181338.83628857
2026-02-27,234311509.58459017
2026-03-03,222542656.16919056
2026-03-04,204392883.42451203
2026-03-05,215313762.70861584
2026-03-06,225057862.70861584
2026-03-09,202360113.27959904
2026-03-10,200742322.47379056
2026-03-11,201963897.72341415
2026-03-12,201519867.86255777
2026-03-13,200653524.95667464
2026-03-16,195151675.00473276
2026-03-17,192971705.40655157
2026-03-18,202093492.79512393
2026-03-19,206327542.79512393
2026-03-20,211059142.43050274
2026-03-23,202952353.05740273
2026-03-24,202964343.58606273
2026-03-25,206170543.58606273
2026-03-26,199863213.78540275
2026-03-27,203054080.63213524
2026-03-30,197198286.11568454
2026-03-31,192690349.48325014
2026-04-01,201012564.02431014
2026-04-02,192639203.28755575
2026-04-03,190506947.07898924
2026-04-06,192287493.09629983
2026-04-07,191240943.73583815
2026-04-08,199862324.76953915
2026-04-09,200121140.29805917
2026-04-10,204870013.6992835
2026-04-13,203628817.9677635
2026-04-14,204795646.7521285
2026-04-15,212809363.40270853
2026-04-16,209070403.40270853
2026-04-17,208058423.40270853
2026-04-20,206111143.40270853
2026-04-21,212178447.3107385
2026-04-22,214918287.3107385
2026-04-23,215090711.21895933
2026-04-24,217911791.21895933
2026-04-27,220358200.8535313
2026-04-28,227220300.8535313
2026-04-29,228104200.8535313
2026-04-30,223385700.8535313
2026-05-04,224555300.8535313
2026-05-06,229288642.78186733
2026-05-07,236368742.78186733
2026-05-08,234853142.61964232
2026-05-11,233573742.61964232
2026-05-12,224050092.7059045
2026-05-13,227651405.9786545
2026-05-14,228768502.09282452
2026-05-15,226399404.57947052
2026-05-18,224225545.3783015
2026-05-19,218005220.95870113
2026-05-20,217598330.11792034
2026-05-21,232905611.85299534
2026-05-22,236665211.85299534
2026-05-26,243306311.85299534
2026-05-27,239650255.66542315
2026-05-28,241011552.94968116
2026-05-29,247850421.96141118
2026-06-01,252663921.96141118
2026-06-02,243494430.01738417
2026-06-04,235909030.87117594
2026-06-05,224449368.72024995
2026-06-08,215582612.53574997
2026-06-09,221691105.64767492
2026-06-10,216948543.61281934
2026-06-11,217378776.38673005
2026-06-12,213699992.14471754
2026-06-15,221328742.14471754
2026-06-16,222706008.80655426
2026-06-17,223139887.32227737
2026-06-18,225540174.86109936
2026-06-19,224467579.17441493
2026-06-22,224952881.49746495
2026-06-23,216802617.93637455
2026-06-24,215093437.55896315
2026-06-25,217028304.30931315
2026-06-26,214413489.79460716
2026-06-29,213440219.06712717
2026-06-30,216038730.34212217
2026-07-01,217236630.34212217
2026-07-02,209902930.34212217
2026-07-03,207998411.67338195
2026-07-06,207896269.50017196
2026-07-07,207896269.50017196
2026-07-08,207896269.50017196
2026-07-09,207896269.50017196
2026-07-10,207896269.50017196
2026-07-13,207896269.50017196
2026-07-14,207896269.50017196
2026-07-15,207896269.50017196
2026-07-16,207896269.50017196
2026-07-20,207896269.50017196
2026-07-21,207896269.50017196
2026-07-22,207896269.50017196
2026-07-23,207896269.50017196
2026-07-24,207896269.50017196
2026-07-27,207896269.50017196
2026-07-28,207896269.50017196
2026-07-29,207896269.50017196
2026-07-30,207896269.50017196
2026-07-31,207896269.50017196
