code,name,market_code,market
060310,3S,KSQ,코스닥
095570,AJ네트웍스,STK,유가증권
006840,AK홀딩스,STK,유가증권
054620,APS,KSQ,코스닥
079810,APS이노베이션,KSQ,코스닥
265520,AP시스템,KSQ,코스닥
211270,AP위성,KSQ,코스닥
027410,BGF,STK,유가증권
282330,BGF리테일,STK,유가증권
126600,BGF에코머티리얼즈,KSQ,코스닥
138930,BNK금융지주,STK,유가증권
001460,BYC,STK,유가증권
083790,CG인바이츠,KSQ,코스닥
001040,CJ,STK,유가증권
079160,CJ CGV,STK,유가증권
035760,CJ ENM,KSQ,코스닥
311690,CJ 바이오사이언스,KSQ,코스닥
000120,CJ대한통운,STK,유가증권
011150,CJ씨푸드,STK,유가증권
097950,CJ제일제당,STK,유가증권
051500,CJ프레시웨이,KSQ,코스닥
058820,CMG제약,KSQ,코스닥
056730,CNT85,KSQ,코스닥
000480,CR홀딩스,STK,유가증권
065770,CS,KSQ,코스닥
083660,CSA 코스믹,KSQ,코스닥
000590,CS홀딩스,STK,유가증권
012030,DB,STK,유가증권
005830,DB손해보험,STK,유가증권
016610,DB증권,STK,유가증권
000990,DB하이텍,STK,유가증권
099520,DGI,KSQ,코스닥
000300,DH오토넥스,STK,유가증권
290120,DH오토리드,KSQ,코스닥
025440,DH오토웨어,KSQ,코스닥
001530,DI동일,STK,유가증권
015590,DKME,STK,유가증권
000210,DL,STK,유가증권
375500,DL이앤씨,STK,유가증권
068790,DMS,KSQ,코스닥
007340,DN오토모티브,STK,유가증권
004840,DRB동일,STK,유가증권
241520,DSC인베스트먼트,KSQ,코스닥
155660,DSR,STK,유가증권
069730,DSR제강,STK,유가증권
017860,DS단석,STK,유가증권
180400,DXVX,KSQ,코스닥
092780,DYP,STK,유가증권
017940,E1,STK,유가증권
418620,E8,KSQ,코스닥
245620,EDGC,KSQ,코스닥
037370,EG,KSQ,코스닥
050120,ES큐브,KSQ,코스닥
383220,F&F,STK,유가증권
007700,F&F홀딩스,STK,유가증권
214270,FSN,KSQ,코스닥
032620,GC메디아이,KSQ,코스닥
130500,GH신소재,KSQ,코스닥
114090,GKL,STK,유가증권
019570,GMI벤처,KSQ,코스닥
900290,GRT,KSQ,코스닥
078930,GS,STK,유가증권
083450,GST,KSQ,코스닥
006360,GS건설,STK,유가증권
001250,GS글로벌,STK,유가증권
007070,GS리테일,STK,유가증권
499790,GS피앤엘,STK,유가증권
297890,HB솔루션,KSQ,코스닥
440290,HB인베스트먼트,KSQ,코스닥
078150,HB테크놀러지,KSQ,코스닥
225530,HC보광산업,KSQ,코스닥
060560,HC홈센타,KSQ,코스닥
012630,HDC,STK,유가증권
039570,HDC랩스,STK,유가증권
089470,HDC현대EP,STK,유가증권
267270,HD건설기계,STK,유가증권
009540,HD한국조선해양,STK,유가증권
267250,HD현대,STK,유가증권
443060,HD현대마린솔루션,STK,유가증권
071970,HD현대마린엔진,STK,유가증권
322000,HD현대에너지솔루션,STK,유가증권
267260,HD현대일렉트릭,STK,유가증권
329180,HD현대중공업,STK,유가증권
376270,HEM파마,KSQ,코스닥
097230,HJ중공업,STK,유가증권
195940,HK이노엔,KSQ,코스닥
014790,HL D&I,STK,유가증권
028300,HLB,KSQ,코스닥
003580,HLB글로벌,STK,유가증권
278650,HLB바이오스텝,KSQ,코스닥
067630,HLB생명과학,KSQ,코스닥
024850,HLB이노베이션,KSQ,코스닥
187420,HLB제넥스,KSQ,코스닥
047920,HLB제약,KSQ,코스닥
115450,HLB테라퓨틱스,KSQ,코스닥
046210,HLB파나진,KSQ,코스닥
196300,HLB펩,KSQ,코스닥
204320,HL만도,STK,유가증권
060980,HL홀딩스,STK,유가증권
011200,HMM,STK,유가증권
403870,HPSP,KSQ,코스닥
036640,HRS,KSQ,코스닥
035000,HS애드,STK,유가증권
002460,HS화성,STK,유가증권
487570,HS효성,STK,유가증권
298050,HS효성첨단소재,STK,유가증권
015360,INVENI,STK,유가증권
294870,IPARK현대산업개발,STK,유가증권
095340,ISC,KSQ,코스닥
175330,JB금융지주,STK,유가증권
950170,JTC,KSQ,코스닥
234080,JW생명과학,STK,유가증권
067290,JW신약,KSQ,코스닥
001060,JW중외제약,STK,유가증권
096760,JW홀딩스,STK,유가증권
035900,JYP Ent.,KSQ,코스닥
318000,KBG,KSQ,코스닥
008970,KBI동양철관,STK,유가증권
024840,KBI메탈,KSQ,코스닥
105560,KB금융,STK,유가증권
415640,KB발해인프라,STK,유가증권
024120,KB오토시스,KSQ,코스닥
002380,KCC,STK,유가증권
021320,KCC건설,KSQ,코스닥
344820,KCC글라스,STK,유가증권
009070,KCTC,STK,유가증권
009440,KC그린홀딩스,STK,유가증권
119650,KC코트렐,STK,유가증권
044180,KD,KSQ,코스닥
092220,KEC,STK,유가증권
003620,KG모빌리티,STK,유가증권
016380,KG스틸,STK,유가증권
151860,KG에코솔루션,KSQ,코스닥
035600,KG이니시스,KSQ,코스닥
001390,KG케미칼,STK,유가증권
046440,KG파이낸셜,KSQ,코스닥
060720,KH바텍,KSQ,코스닥
001940,KISCO홀딩스,STK,유가증권
058400,KNN,KSQ,코스닥
025000,KPX케미칼,STK,유가증권
092230,KPX홀딩스,STK,유가증권
000040,KR모터스,STK,유가증권
044450,KSS해운,STK,유가증권
101000,KS인더스트리,KSQ,코스닥
030200,KT,STK,유가증권
033780,KT&G,STK,유가증권
058850,KTcs,STK,유가증권
058860,KTis,STK,유가증권
089600,KT나스미디어,KSQ,코스닥
418470,KT밀리의서재,KSQ,코스닥
043610,KT지니뮤직,KSQ,코스닥
122450,KX,KSQ,코스닥
052900,KX하이텍,KSQ,코스닥
036560,KZ정밀,KSQ,코스닥
061970,LB세미콘,KSQ,코스닥
309960,LB인베스트먼트,KSQ,코스닥
093050,LF,STK,유가증권
003550,LG,STK,유가증권
034220,LG디스플레이,STK,유가증권
051900,LG생활건강,STK,유가증권
064400,LG씨엔에스,STK,유가증권
373220,LG에너지솔루션,STK,유가증권
032640,LG유플러스,STK,유가증권
011070,LG이노텍,STK,유가증권
066570,LG전자,STK,유가증권
037560,LG헬로비전,STK,유가증권
051910,LG화학,STK,유가증권
079550,LIG디펜스앤에어로스페이스,STK,유가증권
073490,LIG아큐버,KSQ,코스닥
225190,LK삼양,KSQ,코스닥
006260,LS,STK,유가증권
010120,LS ELECTRIC,STK,유가증권
091970,LSK아이로봇,KSQ,코스닥
000680,LS네트웍스,STK,유가증권
060370,LS마린솔루션,KSQ,코스닥
417200,LS머트리얼즈,KSQ,코스닥
229640,LS에코에너지,STK,유가증권
078020,LS증권,KSQ,코스닥
322180,LS티라유텍,KSQ,코스닥
108320,LX세미콘,STK,유가증권
001120,LX인터내셔널,STK,유가증권
108670,LX하우시스,STK,유가증권
383800,LX홀딩스,STK,유가증권
476080,M83,KSQ,코스닥
086960,MDS테크,KSQ,코스닥
023150,MH에탄올,STK,유가증권
035420,NAVER,STK,유가증권
036570,NC,STK,유가증권
160550,NEW,KSQ,코스닥
053290,NE능률,KSQ,코스닥
181710,NHN,STK,유가증권
060250,NHN KCP,KSQ,코스닥
104200,NHN벅스,KSQ,코스닥
054050,NH농우바이오,KSQ,코스닥
005940,NH투자증권,STK,유가증권
034310,NICE,STK,유가증권
063570,NICE인프라,KSQ,코스닥
030190,NICE평가정보,STK,유가증권
008260,NI스틸,STK,유가증권
004250,NPC,STK,유가증권
456040,OCI,STK,유가증권
010060,OCI홀딩스,STK,유가증권
178920,PI첨단소재,STK,유가증권
001340,PKC,STK,유가증권
024940,PN풍년,KSQ,코스닥
005490,POSCO홀딩스,STK,유가증권
332570,PS일렉트로닉스,KSQ,코스닥
218410,RFHIC,KSQ,코스닥
327260,RF머트리얼즈,KSQ,코스닥
474610,RF시스템즈,KSQ,코스닥
091340,S&K폴리텍,KSQ,코스닥
010950,S-Oil,STK,유가증권
419530,SAMG엔터,KSQ,코스닥
019550,SBI인베스트먼트,KSQ,코스닥
034120,SBS,STK,유가증권
003080,SB성보,STK,유가증권
246960,SCL사이언스,KSQ,코스닥
099220,SDN,KSQ,코스닥
056190,SFA,KSQ,코스닥
222080,SFA넥셀,KSQ,코스닥
036540,SFA반도체,KSQ,코스닥
255220,SG,KSQ,코스닥
040610,SG&G,KSQ,코스닥
184230,SGA솔루션즈,KSQ,코스닥
016250,SGC E&C,KSQ,코스닥
005090,SGC에너지,STK,유가증권
001380,SG글로벌,STK,유가증권
004060,SG세계물산,STK,유가증권
001770,SHD,STK,유가증권
002360,SH에너지화학,STK,유가증권
009160,SIMPAC,STK,유가증권
033530,SJG세종,STK,유가증권
123700,SJM,STK,유가증권
025530,SJM홀딩스,STK,유가증권
034730,SK,STK,유가증권
357880,SKAI,KSQ,코스닥
011790,SKC,STK,유가증권
018670,SK가스,STK,유가증권
001740,SK네트웍스,STK,유가증권
006120,SK디스커버리,STK,유가증권
210980,SK디앤디,STK,유가증권
302440,SK바이오사이언스,STK,유가증권
326030,SK바이오팜,STK,유가증권
402340,SK스퀘어,STK,유가증권
361610,SK아이이테크놀로지,STK,유가증권
100090,SK오션플랜트,STK,유가증권
096770,SK이노베이션,STK,유가증권
475150,SK이터닉스,STK,유가증권
001510,SK증권,STK,유가증권
285130,SK케미칼,STK,유가증권
017670,SK텔레콤,STK,유가증권
000660,SK하이닉스,STK,유가증권
048550,SM C&C,KSQ,코스닥
063440,SM Life Design,KSQ,코스닥
003570,SNT다이내믹스,STK,유가증권
064960,SNT모티브,STK,유가증권
100840,SNT에너지,STK,유가증권
036530,SNT홀딩스,STK,유가증권
067160,SOOP,KSQ,코스닥
000390,SP삼화,STK,유가증권
011810,STX,STK,유가증권
465770,STX그린로지스,STK,유가증권
077970,STX엔진,STK,유가증권
002820,SUN&L,STK,유가증권
289080,SV인베스트먼트,KSQ,코스닥
002170,SYTS,STK,유가증권
041930,SY동아,KSQ,코스닥
084870,TBH글로벌,STK,유가증권
002710,TCC스틸,STK,유가증권
089230,THE E&M,KSQ,코스닥
032540,TJ미디어,KSQ,코스닥
069260,TKG휴켐스,STK,유가증권
007980,TP,STK,유가증권
048770,TPC로보틱스,KSQ,코스닥
246690,TS인베스트먼트,KSQ,코스닥
317240,TS트릴리온,KSQ,코스닥
002900,TYM,STK,유가증권
024070,WISCOM,STK,유가증권
057030,YBM넷,KSQ,코스닥
037270,YG PLUS,STK,유가증권
040300,YTN,KSQ,코스닥
051390,YW,KSQ,코스닥
052220,iMBC,KSQ,코스닥
139130,iM금융지주,STK,유가증권
079940,가비아,KSQ,코스닥
078890,가온그룹,KSQ,코스닥
000500,가온전선,STK,유가증권
399720,가온칩스,KSQ,코스닥
036620,감성코퍼레이션,KSQ,코스닥
000860,강남제비스코,STK,유가증권
198440,강동씨앤엘,KSQ,코스닥
217730,강스템바이오텍,KSQ,코스닥
035250,강원랜드,STK,유가증권
114190,강원에너지,KSQ,코스닥
094480,갤럭시아머니트리,KSQ,코스닥
011420,갤럭시아에스엠,STK,유가증권
039240,경남스틸,KSQ,코스닥
053950,경남제약,KSQ,코스닥
002100,경농,STK,유가증권
009450,경동나비엔,STK,유가증권
267290,경동도시가스,STK,유가증권
012320,경동인베스트,STK,유가증권
011040,경동제약,KSQ,코스닥
000050,경방,STK,유가증권
214390,경보제약,STK,유가증권
012610,경인양행,STK,유가증권
009140,경인전자,STK,유가증권
024910,경창산업,KSQ,코스닥
013580,계룡건설,STK,유가증권
012200,계양전기,STK,유가증권
002140,고려산업,STK,유가증권
049720,고려신용정보,KSQ,코스닥
010130,고려아연,STK,유가증권
002240,고려제강,STK,유가증권
014570,고려제약,KSQ,코스닥
348150,고바이오랩,KSQ,코스닥
950190,고스트스튜디오,KSQ,코스닥
098460,고영,KSQ,코스닥
035290,골드앤에스,KSQ,코스닥
215000,골프존,KSQ,코스닥
121440,골프존홀딩스,KSQ,코스닥
009290,광동제약,STK,유가증권
017040,광명전기,STK,유가증권
029480,광무,KSQ,코스닥
017900,광전자,STK,유가증권
037710,광주신세계,STK,유가증권
026910,광진실업,KSQ,코스닥
030610,교보증권,STK,유가증권
339770,교촌에프앤비,STK,유가증권
053270,구영테크,KSQ,코스닥
007690,국도화학,STK,유가증권
066620,국보디자인,KSQ,코스닥
043650,국순당,KSQ,코스닥
006050,국영지앤엠,KSQ,코스닥
060480,국일신동,KSQ,코스닥
078130,국일제지,KSQ,코스닥
307750,국전,KSQ,코스닥
002720,국제약품,STK,유가증권
035080,그래디언트,KSQ,코스닥
318060,그래피,KSQ,코스닥
453450,그리드위즈,KSQ,코스닥
204020,그리티,KSQ,코스닥
0015G0,그린광학,KSQ,코스닥
402490,그린리소스,KSQ,코스닥
114450,그린생명과학,KSQ,코스닥
083420,그린케미칼,STK,유가증권
186230,그린플러스,KSQ,코스닥
014530,극동유화,STK,유가증권
900070,글로벌에스엠,KSQ,코스닥
204620,글로벌텍스프리,KSQ,코스닥
019660,글로본,KSQ,코스닥
014280,금강공업,STK,유가증권
053260,금강철강,KSQ,코스닥
008870,금비,STK,유가증권
001570,금양,STK,유가증권
282720,금양그린파워,KSQ,코스닥
002990,금호건설,STK,유가증권
011780,금호석유화학,STK,유가증권
214330,금호에이치티,STK,유가증권
001210,금호전기,STK,유가증권
073240,금호타이어,STK,유가증권
036190,금화피에스시,KSQ,코스닥
049080,기가레인,KSQ,코스닥
420770,기가비스,KSQ,코스닥
035460,기산텔레콤,KSQ,코스닥
092440,기신정기,STK,유가증권
000270,기아,STK,유가증권
024110,기업은행,STK,유가증권
013700,까뮤이앤씨,STK,유가증권
004540,깨끗한나라,STK,유가증권
407400,꿈비,KSQ,코스닥
187790,나노,KSQ,코스닥
121600,나노신소재,KSQ,코스닥
286750,나노실리칸첨단소재,KSQ,코스닥
247660,나노씨엠에스,KSQ,코스닥
039860,나노엔텍,KSQ,코스닥
417010,나노팀,KSQ,코스닥
405920,나라셀라,KSQ,코스닥
478340,나라스페이스테크놀로지,KSQ,코스닥
051490,나라엠앤디,KSQ,코스닥
137080,나래나노텍,KSQ,코스닥
190510,나무가,KSQ,코스닥
242040,나무에이엑스,KSQ,코스닥
293580,나우IB,KSQ,코스닥
459510,나우로보틱스,KSQ,코스닥
138610,나이벡,KSQ,코스닥
130580,나이스디앤비,KSQ,코스닥
036800,나이스정보통신,KSQ,코스닥
366030,나인앤컴퍼니,KSQ,코스닥
267320,나인테크,KSQ,코스닥
001260,남광토건,STK,유가증권
008350,남선알미늄,STK,유가증권
004270,남성,STK,유가증권
003920,남양유업,STK,유가증권
025860,남해화학,STK,유가증권
111710,남화산업,KSQ,코스닥
091590,남화토건,KSQ,코스닥
168330,내츄럴엔도텍,KSQ,코스닥
094860,네오리진,KSQ,코스닥
0218L0,네오뷰,KSQ,코스닥
253590,네오셈,KSQ,코스닥
212560,네오오토,KSQ,코스닥
095660,네오위즈,KSQ,코스닥
042420,네오위즈홀딩스,KSQ,코스닥
950220,네오이뮨텍,KSQ,코스닥
311390,네오크레마,KSQ,코스닥
085910,네오티스,KSQ,코스닥
092730,네오팜,KSQ,코스닥
153460,네이블,KSQ,코스닥
007390,네이처셀,KSQ,코스닥
033640,네패스,KSQ,코스닥
330860,네패스아크,KSQ,코스닥
351320,넥사다이내믹스,KSQ,코스닥
005720,넥센,STK,유가증권
002350,넥센타이어,STK,유가증권
089140,넥스턴앤롤코리아,KSQ,코스닥
389650,넥스트바이오메디컬,KSQ,코스닥
137940,넥스트아이,KSQ,코스닥
396270,넥스트칩,KSQ,코스닥
348210,넥스틴,KSQ,코스닥
092790,넥스틸,STK,유가증권
225570,넥슨게임즈,KSQ,코스닥
205500,넥써쓰,KSQ,코스닥
217270,넵튠,KSQ,코스닥
251270,넷마블,STK,유가증권
104620,노랑풍선,KSQ,코스닥
090350,노루페인트,STK,유가증권
000320,노루홀딩스,STK,유가증권
473980,노머스,KSQ,코스닥
194700,노바렉스,KSQ,코스닥
285490,노바텍,KSQ,코스닥
145170,노브랜드,KSQ,코스닥
376930,노을,KSQ,코스닥
486990,노타,KSQ,코스닥
006280,녹십자,STK,유가증권
142280,녹십자엠에스,KSQ,코스닥
234690,녹십자웰빙,KSQ,코스닥
005250,녹십자홀딩스,STK,유가증권
004370,농심,STK,유가증권
072710,농심홀딩스,STK,유가증권
069140,누리플랜,KSQ,코스닥
040160,누리플렉스,KSQ,코스닥
332290,누보,KSQ,코스닥
348340,뉴로메카,KSQ,코스닥
380550,뉴로핏,KSQ,코스닥
060260,뉴보텍,KSQ,코스닥
463020,뉴엔AI,KSQ,코스닥
123840,뉴온,KSQ,코스닥
012340,뉴인텍,KSQ,코스닥
462310,뉴키즈온,KSQ,코스닥
270870,뉴트리,KSQ,코스닥
144960,뉴파워프라즈마,KSQ,코스닥
085670,뉴프렉스,KSQ,코스닥
064260,다날,KSQ,코스닥
340360,다보링크,KSQ,코스닥
039560,다산네트웍스,KSQ,코스닥
208860,다산디엠씨,KSQ,코스닥
154040,다산솔루에타,KSQ,코스닥
058730,다스코,STK,유가증권
030210,다올투자증권,STK,유가증권
023590,다우기술,STK,유가증권
032190,다우데이타,KSQ,코스닥
323350,다원넥스뷰,KSQ,코스닥
068240,다원시스,KSQ,코스닥
145210,다이나믹디자인,STK,유가증권
290660,다이나믹솔루션,KSQ,코스닥
483650,달바글로벌,STK,유가증권
464580,닷밀,KSQ,코스닥
019680,대교,STK,유가증권
006370,대구백화점,STK,유가증권
008060,대덕,STK,유가증권
353200,대덕전자,STK,유가증권
000490,대동,STK,유가증권
020400,대동금속,KSQ,코스닥
008830,대동기어,KSQ,코스닥
048470,대동스틸,KSQ,코스닥
004780,대륙제관,KSQ,코스닥
005750,대림바스,STK,유가증권
017650,대림제지,KSQ,코스닥
006570,대림통상,STK,유가증권
389260,대명에너지,KSQ,코스닥
317850,대모,KSQ,코스닥
290670,대보마그네틱,KSQ,코스닥
078140,대봉엘에스,KSQ,코스닥
065150,대산F&B,KSQ,코스닥
001680,대상,STK,유가증권
084690,대상홀딩스,STK,유가증권
036480,대성미생물,KSQ,코스닥
128820,대성산업,STK,유가증권
117580,대성에너지,STK,유가증권
027830,대성창투,KSQ,코스닥
129920,대성하이텍,KSQ,코스닥
016710,대성홀딩스,STK,유가증권
020180,대신정보통신,KSQ,코스닥
003540,대신증권,STK,유가증권
045390,대아티아이,KSQ,코스닥
009190,대양금속,STK,유가증권
108380,대양전기공업,KSQ,코스닥
014160,대영포장,STK,유가증권
047040,대우건설,STK,유가증권
003090,대웅,STK,유가증권
069620,대웅제약,STK,유가증권
007680,대원,KSQ,코스닥
000430,대원강업,STK,유가증권
048910,대원미디어,KSQ,코스닥
005710,대원산업,KSQ,코스닥
006340,대원전선,STK,유가증권
003220,대원제약,STK,유가증권
024890,대원화성,STK,유가증권
120240,대정화금,KSQ,코스닥
003310,대주산업,KSQ,코스닥
078600,대주전자재료,KSQ,코스닥
393970,대진첨단소재,KSQ,코스닥
012800,대창,STK,유가증권
015230,대창단조,STK,유가증권
096350,대창솔루션,KSQ,코스닥
140520,대창스틸,KSQ,코스닥
131220,대한과학,KSQ,코스닥
010170,대한광통신,KSQ,코스닥
054670,대한뉴팜,KSQ,코스닥
001070,대한방직,STK,유가증권
023910,대한약품,KSQ,코스닥
006650,대한유화,STK,유가증권
001440,대한전선,STK,유가증권
084010,대한제강,STK,유가증권
001790,대한제당,STK,유가증권
001130,대한제분,STK,유가증권
439260,대한조선,STK,유가증권
003490,대한항공,STK,유가증권
005880,대한해운,STK,유가증권
003830,대한화섬,STK,유가증권
016090,대현,STK,유가증권
069460,대호에이엘,STK,유가증권
021040,대호특수강,KSQ,코스닥
067080,대화제약,KSQ,코스닥
298540,더네이쳐홀딩스,KSQ,코스닥
032860,더라미,KSQ,코스닥
475560,더본코리아,STK,유가증권
192080,더블유게임즈,STK,유가증권
393890,더블유씨피,KSQ,코스닥
299170,더블유에스아이,KSQ,코스닥
462860,더즌,KSQ,코스닥
224060,더코디,KSQ,코스닥
043090,더테크놀로지,KSQ,코스닥
403850,더핑크퐁컴퍼니,KSQ,코스닥
213420,덕산네오룩스,KSQ,코스닥
317330,덕산테코피아,KSQ,코스닥
077360,덕산하이메탈,KSQ,코스닥
004830,덕성,STK,유가증권
090410,덕신이피씨,KSQ,코스닥
0001A0,덕양에너젠,KSQ,코스닥
263600,덕우전자,KSQ,코스닥
194480,데브시스터즈,KSQ,코스닥
373160,데이원컴퍼니,KSQ,코스닥
263800,데이타솔루션,KSQ,코스닥
206560,덱스터,KSQ,코스닥
261200,덴티스,KSQ,코스닥
145720,덴티움,STK,유가증권
484120,도우인시스,KSQ,코스닥
067990,도이치모터스,KSQ,코스닥
002150,도화엔지니어링,STK,유가증권
006620,동구바이오제약,KSQ,코스닥
100130,동국S&C,KSQ,코스닥
005160,동국산업,KSQ,코스닥
303810,동국생명과학,KSQ,코스닥
460850,동국씨엠,STK,유가증권
075970,동국알앤에스,KSQ,코스닥
460860,동국제강,STK,유가증권
086450,동국제약,KSQ,코스닥
001230,동국홀딩스,STK,유가증권
023450,동남합성,STK,유가증권
004140,동방,STK,유가증권
240550,동방메디컬,KSQ,코스닥
099410,동방선기,KSQ,코스닥
007590,동방아그로,STK,유가증권
005960,동부건설,STK,유가증권
026960,동서,STK,유가증권
002210,동성제약,STK,유가증권
102260,동성케미컬,STK,유가증권
033500,동성화인텍,KSQ,코스닥
025950,동신건설,KSQ,코스닥
000640,동아쏘시오홀딩스,STK,유가증권
170900,동아에스티,STK,유가증권
088130,동아엘텍,KSQ,코스닥
028100,동아지질,STK,유가증권
001520,동양,STK,유가증권
084670,동양고속,STK,유가증권
082640,동양생명,STK,유가증권
060380,동양에스텍,KSQ,코스닥
079960,동양이엔피,KSQ,코스닥
228340,동양파일,KSQ,코스닥
088910,동우팜투테이블,KSQ,코스닥
094170,동운아나텍,KSQ,코스닥
013120,동원개발,KSQ,코스닥
018500,동원모빌리티,STK,유가증권
006040,동원산업,STK,유가증권
030720,동원수산,STK,유가증권
014820,동원시스템즈,STK,유가증권
111380,동인기연,STK,유가증권
163560,동일고무벨트,STK,유가증권
109860,동일금속,KSQ,코스닥
032960,동일기연,KSQ,코스닥
004890,동일산업,STK,유가증권
023790,동일스틸럭스,KSQ,코스닥
002690,동일제강,STK,유가증권
005290,동진쎄미켐,KSQ,코스닥
025900,동화기업,KSQ,코스닥
000020,동화약품,STK,유가증권
000150,두산,STK,유가증권
454910,두산로보틱스,STK,유가증권
241560,두산밥캣,STK,유가증권
034020,두산에너빌리티,STK,유가증권
131970,두산테스나,KSQ,코스닥
336260,두산퓨얼셀,STK,유가증권
016740,두올,STK,유가증권
073190,듀오백,KSQ,코스닥
176750,듀켐바이오,KSQ,코스닥
030350,드래곤플라이,KSQ,코스닥
203650,드림시큐리티,KSQ,코스닥
223250,드림씨아이에스,KSQ,코스닥
060570,드림어스컴퍼니,KSQ,코스닥
362990,드림인사이트,KSQ,코스닥
192650,드림텍,STK,유가증권
016670,디모아,KSQ,코스닥
187870,디바이스,KSQ,코스닥
024090,디씨엠,STK,유가증권
003160,디아이,STK,유가증권
092200,디아이씨,STK,유가증권
110990,디아이티,KSQ,코스닥
263690,디알젬,KSQ,코스닥
214680,디알텍,KSQ,코스닥
347850,디앤디파마텍,KSQ,코스닥
263720,디앤씨미디어,KSQ,코스닥
376300,디어유,KSQ,코스닥
104040,디에스엠,KSQ,코스닥
109740,디에스케이,KSQ,코스닥
031860,디에이치엑스컴퍼니,KSQ,코스닥
196490,디에이테크놀로지,KSQ,코스닥
066900,디에이피,KSQ,코스닥
092070,디엔에프,KSQ,코스닥
039840,디오,KSQ,코스닥
013570,디와이,STK,유가증권
024900,디와이덕양,STK,유가증권
219550,디와이디,KSQ,코스닥
310870,디와이씨,KSQ,코스닥
002880,디와이에이,STK,유가증권
210540,디와이파워,STK,유가증권
104460,디와이피엔에프,KSQ,코스닥
113810,디젠스,KSQ,코스닥
043360,디지아이,KSQ,코스닥
197140,디지캡,KSQ,코스닥
068930,디지털대성,KSQ,코스닥
033130,디지틀조선,KSQ,코스닥
105740,디케이락,KSQ,코스닥
263020,디케이앤디,KSQ,코스닥
290550,디케이티,KSQ,코스닥
066670,디티씨,KSQ,코스닥
187220,디티앤씨,KSQ,코스닥
383930,디티앤씨알오,KSQ,코스닥
131180,딜리,KSQ,코스닥
315640,딥노이드,KSQ,코스닥
900110,딥커머스,KSQ,코스닥
317120,라닉스,KSQ,코스닥
462510,라메디텍,KSQ,코스닥
232680,라온로보틱스,KSQ,코스닥
042510,라온시큐어,KSQ,코스닥
418420,라온텍,KSQ,코스닥
300120,라온피플,KSQ,코스닥
171120,라이온켐텍,KSQ,코스닥
388790,라이콤,KSQ,코스닥
214260,라파스,KSQ,코스닥
171010,램테크놀러지,KSQ,코스닥
084650,랩지노믹스,KSQ,코스닥
217500,러셀,KSQ,코스닥
038390,레드캡투어,KSQ,코스닥
387690,레메디,KSQ,코스닥
294140,레몬,KSQ,코스닥
365660,레몬헬스케어,KSQ,코스닥
443250,레뷰코퍼레이션,KSQ,코스닥
228670,레이,KSQ,코스닥
228850,레이언스,KSQ,코스닥
412350,레이저쎌,KSQ,코스닥
199550,레이저옵텍,KSQ,코스닥
281740,레이크머티리얼즈,KSQ,코스닥
277810,레인보우로보틱스,KSQ,코스닥
215100,로보로보,KSQ,코스닥
090360,로보스타,KSQ,코스닥
108490,로보티즈,KSQ,코스닥
900260,로스웰,KSQ,코스닥
033290,로젠,KSQ,코스닥
067730,로지시스,KSQ,코스닥
071280,로체시스템즈,KSQ,코스닥
376900,로킷헬스케어,KSQ,코스닥
214610,롤링스톤,KSQ,코스닥
032350,롯데관광개발,STK,유가증권
089860,롯데렌탈,STK,유가증권
000400,롯데손해보험,STK,유가증권
023530,롯데쇼핑,STK,유가증권
020150,롯데에너지머티리얼즈,STK,유가증권
280360,롯데웰푸드,STK,유가증권
286940,롯데이노베이트,STK,유가증권
004000,롯데정밀화학,STK,유가증권
004990,롯데지주,STK,유가증권
005300,롯데칠성,STK,유가증권
011170,롯데케미칼,STK,유가증권
071840,롯데하이마트,STK,유가증권
328130,루닛,KSQ,코스닥
038060,루멘스,KSQ,코스닥
474170,루미르,KSQ,코스닥
195990,루트K,KSQ,코스닥
141080,리가켐바이오,KSQ,코스닥
058470,리노공업,KSQ,코스닥
016100,리더스코스메틱,KSQ,코스닥
012700,리드코프,KSQ,코스닥
302550,리메드,KSQ,코스닥
491000,리브스메드,KSQ,코스닥
394420,리센스메디컬,KSQ,코스닥
073570,리튬포어스,KSQ,코스닥
377450,리파인,KSQ,코스닥
277070,린드먼아시아,KSQ,코스닥
042500,링네트,KSQ,코스닥
193250,링크드,KSQ,코스닥
474650,링크솔루션,KSQ,코스닥
219420,링크제니시스,KSQ,코스닥
439090,마녀공장,KSQ,코스닥
027740,마니커,STK,유가증권
195500,마니커에프앤지,KSQ,코스닥
377480,마음AI,KSQ,코스닥
305090,마이크로디지탈,KSQ,코스닥
098120,마이크로컨텍솔,KSQ,코스닥
424980,마이크로투나노,KSQ,코스닥
038290,마크로젠,KSQ,코스닥
477850,마키나락스,KSQ,코스닥
001080,만호제강,STK,유가증권
0039P0,매드업,KSQ,코스닥
267980,매일유업,KSQ,코스닥
005990,매일홀딩스,KSQ,코스닥
093520,매커스,KSQ,코스닥
088980,맥쿼리인프라,STK,유가증권
094800,맵스리얼티,STK,유가증권
100590,머큐리,KSQ,코스닥
067280,멀티캠퍼스,KSQ,코스닥
072870,메가스터디,KSQ,코스닥
215200,메가스터디교육,KSQ,코스닥
133750,메가엠디,KSQ,코스닥
446540,메가터치,KSQ,코스닥
235980,메드팩토,KSQ,코스닥
041920,메디아나,KSQ,코스닥
014100,메디앙스,KSQ,코스닥
054180,메디콕스,KSQ,코스닥
086900,메디톡스,KSQ,코스닥
078160,메디포스트,KSQ,코스닥
408920,메쎄이상,KSQ,코스닥
021880,메이슨캐피탈,KSQ,코스닥
0088M0,메쥬,KSQ,코스닥
140410,메지온,KSQ,코스닥
241770,메카로,KSQ,코스닥
090370,메타랩스,STK,유가증권
059210,메타바이오메드,KSQ,코스닥
118000,메타케어,STK,유가증권
058110,멕아이씨에스,KSQ,코스닥
072770,멤레이비티,KSQ,코스닥
017180,명문제약,STK,유가증권
009900,명신산업,STK,유가증권
317450,명인제약,STK,유가증권
012690,모나리자,STK,유가증권
005360,모나미,STK,유가증권
070960,모나용평,STK,유가증권
434480,모니터랩,KSQ,코스닥
080420,모다이노칩,KSQ,코스닥
417970,모델솔루션,KSQ,코스닥
080160,모두투어,KSQ,코스닥
087260,모바일어플라이언스,KSQ,코스닥
101330,모베이스,KSQ,코스닥
012860,모베이스전자,KSQ,코스닥
363260,모비데이즈,KSQ,코스닥
348030,모비릭스,KSQ,코스닥
250060,모비스,KSQ,코스닥
288980,모아데이타,KSQ,코스닥
142760,모아라이프플러스,KSQ,코스닥
033200,모아텍,KSQ,코스닥
009680,모토닉,STK,유가증권
118990,모트렉스,KSQ,코스닥
463480,모티브링크,KSQ,코스닥
006920,모헨즈,KSQ,코스닥
009580,무림P&P,STK,유가증권
001810,무림SP,KSQ,코스닥
009200,무림페이퍼,STK,유가증권
033920,무학,STK,유가증권
008420,문배철강,STK,유가증권
279600,미디어젠,KSQ,코스닥
095500,미래나노텍,KSQ,코스닥
254490,미래반도체,KSQ,코스닥
025560,미래산업,STK,유가증권
218150,미래생명자원,KSQ,코스닥
007120,미래아이앤지,STK,유가증권
100790,미래에셋벤처투자,KSQ,코스닥
085620,미래에셋생명,STK,유가증권
006800,미래에셋증권,STK,유가증권
049950,미래컴퍼니,KSQ,코스닥
207760,미스터블루,KSQ,코스닥
081660,미스토홀딩스,STK,유가증권
002840,미원상사,STK,유가증권
268280,미원에스씨,STK,유가증권
107590,미원홀딩스,STK,유가증권
134380,미원화학,STK,유가증권
003650,미창석유,STK,유가증권
059090,미코,KSQ,코스닥
201490,미투온,KSQ,코스닥
475460,미트박스,KSQ,코스닥
452200,민테크,KSQ,코스닥
206640,바디텍메드,KSQ,코스닥
035620,바른손이앤에이,KSQ,코스닥
053030,바이넥스,KSQ,코스닥
301300,바이브컴퍼니,KSQ,코스닥
377740,바이오노트,STK,유가증권
064550,바이오니아,KSQ,코스닥
314930,바이오다인,KSQ,코스닥
489460,바이오비쥬,KSQ,코스닥
086820,바이오솔루션,KSQ,코스닥
038460,바이오스마트,KSQ,코스닥
251120,바이오에프디엔씨,KSQ,코스닥
199730,바이오인프라,KSQ,코스닥
086040,바이오톡스텍,KSQ,코스닥
188040,바이오포트,KSQ,코스닥
099430,바이오플러스,KSQ,코스닥
308080,바이젠셀,KSQ,코스닥
043150,바텍,KSQ,코스닥
323990,박셀바이오,KSQ,코스닥
003610,방림,STK,유가증권
267790,배럴,KSQ,코스닥
046310,백금T&A,KSQ,코스닥
035150,백산,STK,유가증권
331520,밸로프,KSQ,코스닥
199480,뱅크웨어글로벌,KSQ,코스닥
438700,버넥트,KSQ,코스닥
066410,버킷스튜디오,KSQ,코스닥
002410,범양건영,STK,유가증권
382900,범한퓨얼셀,KSQ,코스닥
206400,베노티앤알,KSQ,코스닥
019010,베뉴지,KSQ,코스닥
177350,베셀,KSQ,코스닥
457600,벡트,KSQ,코스닥
424760,벨로크,KSQ,코스닥
007210,벽산,STK,유가증권
250000,보라티알,KSQ,코스닥
002760,보락,STK,유가증권
003850,보령,STK,유가증권
310210,보로노이,KSQ,코스닥
006910,보성파워텍,KSQ,코스닥
0010F0,보원케미칼,KSQ,코스닥
000890,보해양조,STK,유가증권
226340,본느,KSQ,코스닥
003000,부광약품,STK,유가증권
001270,부국증권,STK,유가증권
026940,부국철강,STK,유가증권
014470,부방,KSQ,코스닥
011390,부산산업,STK,유가증권
005030,부산주공,STK,유가증권
008470,부스타,KSQ,코스닥
338220,뷰노,KSQ,코스닥
100120,뷰웍스,KSQ,코스닥
406820,뷰티스킨,KSQ,코스닥
099390,브레인즈컴퍼니,KSQ,코스닥
064480,브리지텍,KSQ,코스닥
365900,브이씨,KSQ,코스닥
089970,브이엠,KSQ,코스닥
251630,브이원텍,KSQ,코스닥
018290,브이티,KSQ,코스닥
478560,블랙야크아이앤씨,KSQ,코스닥
006740,블루산업개발,STK,유가증권
439580,블루엠텍,KSQ,코스닥
033560,블루콤,KSQ,코스닥
126340,비나텍,KSQ,코스닥
121800,비덴트,KSQ,코스닥
082800,비보존 제약,KSQ,코스닥
318410,비비씨,KSQ,코스닥
002070,비비안,STK,유가증권
100220,비상교육,STK,유가증권
419540,비스토스,KSQ,코스닥
146320,비씨엔씨,KSQ,코스닥
200780,비씨월드제약,KSQ,코스닥
413640,비아이매트릭스,KSQ,코스닥
141000,비아트론,KSQ,코스닥
090460,비에이치,STK,유가증권
083650,비에이치아이,KSQ,코스닥
065170,비엘팜텍,KSQ,코스닥
086670,비엠티,KSQ,코스닥
488900,비츠로넥스텍,KSQ,코스닥
082920,비츠로셀,KSQ,코스닥
054220,비츠로시스,KSQ,코스닥
042370,비츠로테크,KSQ,코스닥
050090,비케이홀딩스,KSQ,코스닥
148780,비큐AI,KSQ,코스닥
307870,비투엔,KSQ,코스닥
377030,비트맥스,KSQ,코스닥
032850,비트컴퓨터,KSQ,코스닥
049470,비트플래닛,KSQ,코스닥
238200,비피도,KSQ,코스닥
093190,빅솔론,KSQ,코스닥
065450,빅텍,KSQ,코스닥
044480,빌리언스,KSQ,코스닥
005180,빙그레,STK,유가증권
069540,빛과전자,KSQ,코스닥
072950,빛샘전자,KSQ,코스닥
451250,삐아,KSQ,코스닥
143240,사람인,KSQ,코스닥
466410,사이냅소프트,KSQ,코스닥
003960,사조대림,STK,유가증권
008040,사조동아원,STK,유가증권
007160,사조산업,STK,유가증권
014710,사조씨푸드,STK,유가증권
006090,사조오양,STK,유가증권
223310,사토시홀딩스,KSQ,코스닥
452430,사피엔반도체,KSQ,코스닥
419120,산돌,KSQ,코스닥
062040,산일전기,STK,유가증권
122350,삼기,KSQ,코스닥
419050,삼기에너지솔루션즈,KSQ,코스닥
014970,삼륭물산,KSQ,코스닥
005610,삼립,STK,유가증권
018310,삼목에스폼,KSQ,코스닥
012210,삼미금속,KSQ,코스닥
053700,삼보모터스,KSQ,코스닥
009620,삼보산업,KSQ,코스닥
023600,삼보판지,KSQ,코스닥
001470,삼부토건,STK,유가증권
028050,삼성E&A,STK,유가증권
006400,삼성SDI,STK,유가증권
006660,삼성공조,STK,유가증권
028260,삼성물산,STK,유가증권
207940,삼성바이오로직스,STK,유가증권
032830,삼성생명,STK,유가증권
018260,삼성에스디에스,STK,유가증권
0126Z0,삼성에피스홀딩스,STK,유가증권
009150,삼성전기,STK,유가증권
005930,삼성전자,STK,유가증권
001360,삼성제약,STK,유가증권
010140,삼성중공업,STK,유가증권
016360,삼성증권,STK,유가증권
068290,삼성출판사,STK,유가증권
029780,삼성카드,STK,유가증권
000810,삼성화재,STK,유가증권
006110,삼아알미늄,STK,유가증권
009300,삼아제약,KSQ,코스닥
0120G0,삼양바이오팜,STK,유가증권
145990,삼양사,STK,유가증권
003230,삼양식품,STK,유가증권
482630,삼양엔씨켐,KSQ,코스닥
484590,삼양컴텍,KSQ,코스닥
036670,삼양케이씨아이,KSQ,코스닥
272550,삼양패키징,STK,유가증권
000070,삼양홀딩스,STK,유가증권
003720,삼영,STK,유가증권
002810,삼영무역,STK,유가증권
361670,삼영에스앤씨,KSQ,코스닥
054540,삼영엠텍,KSQ,코스닥
065570,삼영이엔씨,KSQ,코스닥
005680,삼영전자,STK,유가증권
023000,삼원강재,STK,유가증권
004380,삼익THK,STK,유가증권
002450,삼익악기,STK,유가증권
014950,삼익제약,KSQ,코스닥
032280,삼일,KSQ,코스닥
002290,삼일기업공사,KSQ,코스닥
004440,삼일씨엔에스,STK,유가증권
000520,삼일제약,STK,유가증권
009770,삼정펄프,STK,유가증권
037460,삼지전자,KSQ,코스닥
032750,삼진,KSQ,코스닥
0013V0,삼진식품,KSQ,코스닥
054090,삼진엘앤디,KSQ,코스닥
005500,삼진제약,STK,유가증권
000250,삼천당제약,KSQ,코스닥
004690,삼천리,STK,유가증권
024950,삼천리자전거,KSQ,코스닥
038500,삼표시멘트,KSQ,코스닥
437730,삼현,KSQ,코스닥
017480,삼현철강,KSQ,코스닥
010960,삼호개발,STK,유가증권
046390,삼화네트웍스,KSQ,코스닥
004450,삼화왕관,STK,유가증권
009470,삼화전기,STK,유가증권
011230,삼화전자,STK,유가증권
001820,삼화콘덴서,STK,유가증권
027580,상보,KSQ,코스닥
038540,상상인,KSQ,코스닥
001290,상상인증권,STK,유가증권
041650,상신브레이크,STK,유가증권
091580,상신이디피,KSQ,코스닥
263810,상신전자,KSQ,코스닥
089980,상아프론테크,KSQ,코스닥
042940,상지건설,KSQ,코스닥
042600,새로닉스,KSQ,코스닥
075180,새론오토모티브,STK,유가증권
107600,새빗켐,KSQ,코스닥
411080,샌즈랩,KSQ,코스닥
252990,샘씨엔에스,KSQ,코스닥
007540,샘표,STK,유가증권
248170,샘표식품,STK,유가증권
378800,샤페론,KSQ,코스닥
294630,서남,KSQ,코스닥
038070,서린바이오,KSQ,코스닥
006730,서부T&D,KSQ,코스닥
079650,서산,KSQ,코스닥
100660,서암기계공업,KSQ,코스닥
007860,서연,STK,유가증권
200880,서연이화,STK,유가증권
019770,서연탑메탈,KSQ,코스닥
017390,서울가스,STK,유가증권
092190,서울바이오시스,KSQ,코스닥
046890,서울반도체,KSQ,코스닥
031210,서울보증보험,STK,유가증권
004410,서울식품,STK,유가증권
063170,서울옥션,KSQ,코스닥
027040,서울전자통신,KSQ,코스닥
018680,서울제약,KSQ,코스닥
036120,서울평가정보,KSQ,코스닥
021050,서원,STK,유가증권
093920,서원인텍,KSQ,코스닥
189860,서전기전,KSQ,코스닥
178320,서진시스템,KSQ,코스닥
122690,서진오토모티브,KSQ,코스닥
140070,서플러스글로벌,KSQ,코스닥
011370,서한,KSQ,코스닥
065710,서호전기,KSQ,코스닥
008490,서흥,STK,유가증권
035890,서희건설,KSQ,코스닥
357550,석경에이티,KSQ,코스닥
003100,선광,KSQ,코스닥
007610,선도전기,STK,유가증권
067370,선바이오,KSQ,코스닥
171090,선익시스템,KSQ,코스닥
136490,선진,STK,유가증권
086710,선진뷰티사이언스,KSQ,코스닥
014620,성광벤드,KSQ,코스닥
037350,성도이엔지,KSQ,코스닥
014910,성문전자,STK,유가증권
004980,성신양회,STK,유가증권
458650,성우,KSQ,코스닥
081580,성우전자,KSQ,코스닥
045300,성우테크론,KSQ,코스닥
015750,성우하이텍,KSQ,코스닥
340930,성원에너텍,KSQ,코스닥
365340,성일하이텍,KSQ,코스닥
000180,성창기업지주,STK,유가증권
080470,성창오토텍,KSQ,코스닥
043260,성호전자,KSQ,코스닥
148150,세경하이테크,KSQ,코스닥
002420,세기상사,STK,유가증권
061090,세나테크놀로지,KSQ,코스닥
188260,세니젠,KSQ,코스닥
053060,세동,KSQ,코스닥
340440,세림B&G,KSQ,코스닥
017510,세명전기,KSQ,코스닥
0017J0,세미티에스,KSQ,코스닥
490470,세미파이브,KSQ,코스닥
004360,세방,STK,유가증권
004490,세방전지,STK,유가증권
011560,세보엠이씨,KSQ,코스닥
396300,세아메카닉스,KSQ,코스닥
001430,세아베스틸지주,STK,유가증권
306200,세아제강,STK,유가증권
003030,세아제강지주,STK,유가증권
058650,세아홀딩스,STK,유가증권
013000,세우글로벌,STK,유가증권
100700,세운메디칼,KSQ,코스닥
024830,세원물산,KSQ,코스닥
021820,세원정공,STK,유가증권
067830,세이브존I&C,STK,유가증권
258830,세종메디칼,KSQ,코스닥
036630,세종텔레콤,KSQ,코스닥
039310,세중,KSQ,코스닥
075580,세진중공업,STK,유가증권
067770,세진티에스,KSQ,코스닥
053450,세코닉스,KSQ,코스닥
252500,세화피앤씨,KSQ,코스닥
321370,센서뷰,KSQ,코스닥
347000,센코,KSQ,코스닥
331920,셀레믹스,KSQ,코스닥
352770,셀레스트라,KSQ,코스닥
471820,셀로맥스사이언스,KSQ,코스닥
049180,셀루메드,KSQ,코스닥
299660,셀리드,KSQ,코스닥
108860,셀바스AI,KSQ,코스닥
208370,셀바스헬스케어,KSQ,코스닥
318160,셀바이오휴먼텍,KSQ,코스닥
308430,셀비온,KSQ,코스닥
068270,셀트리온,STK,유가증권
068760,셀트리온제약,KSQ,코스닥
068940,셀피글로벌,KSQ,코스닥
007720,소노스퀘어,KSQ,코스닥
950200,소마젠,KSQ,코스닥
032680,소프트센,KSQ,코스닥
258790,소프트캠프,KSQ,코스닥
066910,손오공,KSQ,코스닥
215090,솔디펜스,KSQ,코스닥
336370,솔루스첨단소재,STK,유가증권
248070,솔루엠,STK,유가증권
035610,솔본,KSQ,코스닥
357780,솔브레인,KSQ,코스닥
036830,솔브레인홀딩스,KSQ,코스닥
304100,솔트룩스,KSQ,코스닥
328380,솔트웨어,KSQ,코스닥
004430,송원산업,STK,유가증권
086980,쇼박스,KSQ,코스닥
017550,수산세보틱스,STK,유가증권
050960,수산아이앤티,KSQ,코스닥
126720,수산인더스트리,STK,유가증권
084180,수성웹툰,KSQ,코스닥
253840,수젠텍,KSQ,코스닥
298830,슈어소프트테크,KSQ,코스닥
236200,슈프리마,KSQ,코스닥
094840,슈프리마에이치큐,KSQ,코스닥
192440,슈피겐코리아,KSQ,코스닥
424960,스마트레이더시스템,KSQ,코스닥
099440,스맥,KSQ,코스닥
066590,스모트로닉,KSQ,코스닥
053210,스카이라이프,STK,유가증권
276040,스코넥,KSQ,코스닥
115570,스타플렉스,KSQ,코스닥
330730,스톤브릿지벤처스,KSQ,코스닥
352090,스톰테크,KSQ,코스닥
253450,스튜디오드래곤,KSQ,코스닥
408900,스튜디오미르,KSQ,코스닥
415380,스튜디오삼익,KSQ,코스닥
475040,스트라드비젼,KSQ,코스닥
026890,스틱인베스트먼트,STK,유가증권
013810,스페코,KSQ,코스닥
347700,스피어,KSQ,코스닥
049830,승일,KSQ,코스닥
020710,시공테크,KSQ,코스닥
033170,시그네틱스,KSQ,코스닥
048870,시너지이노베이션,KSQ,코스닥
025320,시노펙스,KSQ,코스닥
134790,시디즈,STK,유가증권
340810,시선AI,KSQ,코스닥
269620,시스웍,KSQ,코스닥
056090,시지메드텍,KSQ,코스닥
429270,시지트로닉스,KSQ,코스닥
418250,시큐레터,KSQ,코스닥
131090,시큐브,KSQ,코스닥
462870,시프트업,STK,유가증권
016590,신대양제지,STK,유가증권
290520,신도기연,KSQ,코스닥
029530,신도리코,STK,유가증권
004970,신라교역,STK,유가증권
001000,신라섬유,KSQ,코스닥
025870,신라에스지,KSQ,코스닥
215600,신라젠,KSQ,코스닥
065350,신성델타테크,KSQ,코스닥
416180,신성에스티,KSQ,코스닥
011930,신성이엔지,STK,유가증권
004170,신세계,STK,유가증권
035510,신세계 I&C,STK,유가증권
031430,신세계인터내셔날,STK,유가증권
031440,신세계푸드,STK,유가증권
006880,신송홀딩스,STK,유가증권
162300,신스틸,KSQ,코스닥
002800,신신제약,KSQ,코스닥
005800,신영와코루,STK,유가증권
001720,신영증권,STK,유가증권
009270,신원,STK,유가증권
017000,신원종합개발,KSQ,코스닥
002700,신일전자,STK,유가증권
012790,신일제약,KSQ,코스닥
138070,신진에스엠,KSQ,코스닥
226330,신테카바이오,KSQ,코스닥
002870,신풍,STK,유가증권
019170,신풍제약,STK,유가증권
055550,신한지주,STK,유가증권
056700,신화인터텍,KSQ,코스닥
187270,신화콘텍,KSQ,코스닥
095190,신화프리텍,KSQ,코스닥
004080,신흥,STK,유가증권
243840,신흥에스이씨,KSQ,코스닥
257720,실리콘투,KSQ,코스닥
222800,심텍,KSQ,코스닥
036710,심텍홀딩스,KSQ,코스닥
444530,심플랫폼,KSQ,코스닥
234030,싸이닉솔루션,KSQ,코스닥
160980,싸이맥스,KSQ,코스닥
356890,싸이버원,KSQ,코스닥
217330,싸이토젠,KSQ,코스닥
004770,써니전자,STK,유가증권
208640,썸에이지,KSQ,코스닥
222420,쎄노텍,KSQ,코스닥
037760,쎄니트,KSQ,코스닥
081180,쎄크,KSQ,코스닥
099320,쎄트렉아이,KSQ,코스닥
049960,쎌바이오텍,KSQ,코스닥
088280,쏘닉스,KSQ,코스닥
403550,쏘카,STK,유가증권
050890,쏠리드,KSQ,코스닥
394800,쓰리빌리언,KSQ,코스닥
177900,쓰리에이로직스,KSQ,코스닥
475400,씨메스로보틱스,KSQ,코스닥
109670,씨싸이트,KSQ,코스닥
066790,씨씨에스,KSQ,코스닥
004920,씨아이테크,STK,유가증권
352480,씨앤씨인터내셔널,KSQ,코스닥
264660,씨앤지하이테크,KSQ,코스닥
352700,씨앤투스,KSQ,코스닥
458870,씨어스,KSQ,코스닥
297090,씨에스베어링,KSQ,코스닥
112610,씨에스윈드,STK,유가증권
900120,씨엑스아이,KSQ,코스닥
359090,씨엔알리서치,KSQ,코스닥
115530,씨엔플러스,KSQ,코스닥
388210,씨엠티엑스,KSQ,코스닥
115480,씨유메디칼,KSQ,코스닥
376290,씨유테크,KSQ,코스닥
189330,씨이랩,KSQ,코스닥
096530,씨젠,KSQ,코스닥
480370,씨케이솔루션,STK,유가증권
101240,씨큐브,KSQ,코스닥
060590,씨티씨바이오,KSQ,코스닥
308170,씨티알모빌리티,STK,유가증권
260930,씨티케이,KSQ,코스닥
413630,씨피시스템,KSQ,코스닥
013990,아가방컴퍼니,KSQ,코스닥
175140,아고스,KSQ,코스닥
123860,아나패스,KSQ,코스닥
025980,아난티,KSQ,코스닥
008700,아남전자,STK,유가증권
0015N0,아로마티카,KSQ,코스닥
261780,아리바이오랩,KSQ,코스닥
290690,아리바이오홀딩스,KSQ,코스닥
125210,아모그린텍,KSQ,코스닥
090430,아모레퍼시픽,STK,유가증권
002790,아모레퍼시픽홀딩스,STK,유가증권
357580,아모센스,KSQ,코스닥
052710,아모텍,KSQ,코스닥
074430,아미노로직스,KSQ,코스닥
092040,아미코젠,KSQ,코스닥
083930,아바코,KSQ,코스닥
149950,아바텍,KSQ,코스닥
036010,아비코전자,KSQ,코스닥
002030,아세아,STK,유가증권
183190,아세아시멘트,STK,유가증권
002310,아세아제지,STK,유가증권
050860,아세아텍,KSQ,코스닥
012170,아센디오,STK,유가증권
136410,아셈스,KSQ,코스닥
246720,아스타,KSQ,코스닥
450950,아스테라시스,KSQ,코스닥
067390,아스트,KSQ,코스닥
159010,아스플로,KSQ,코스닥
127710,아시아경제,KSQ,코스닥
267850,아시아나IDT,STK,유가증권
020560,아시아나항공,STK,유가증권
154030,아시아종묘,KSQ,코스닥
227610,아우딘퓨쳐스,KSQ,코스닥
331740,아우토크립트,KSQ,코스닥
143160,아이디스,KSQ,코스닥
054800,아이디스홀딩스,KSQ,코스닥
332370,아이디피,KSQ,코스닥
066430,아이로보틱스,KSQ,코스닥
122900,아이마켓코리아,STK,유가증권
339950,아이비김영,KSQ,코스닥
469750,아이비젼웍스,KSQ,코스닥
460470,아이빔테크놀로지,KSQ,코스닥
099190,아이센스,KSQ,코스닥
461300,아이스크림미디어,KSQ,코스닥
289010,아이스크림에듀,KSQ,코스닥
214430,아이쓰리시스템,KSQ,코스닥
040910,아이씨디,KSQ,코스닥
368600,아이씨에이치,KSQ,코스닥
456010,아이씨티케이,KSQ,코스닥
052860,아이앤씨,KSQ,코스닥
464500,아이언디바이스,KSQ,코스닥
010780,아이에스동서,STK,유가증권
212710,아이에스티이,KSQ,코스닥
038880,아이에이,KSQ,코스닥
307180,아이엘,KSQ,코스닥
493280,아이엠바이오로직스,KSQ,코스닥
461030,아이엠비디엑스,KSQ,코스닥
451220,아이엠티,KSQ,코스닥
078860,아이오케이이엔엠,KSQ,코스닥
090150,아이윈,KSQ,코스닥
031310,아이즈비전,KSQ,코스닥
462980,아이지넷,KSQ,코스닥
185490,아이진,KSQ,코스닥
059100,아이컴포넌트,KSQ,코스닥
262840,아이퀘스트,KSQ,코스닥
175250,아이큐어,KSQ,코스닥
052460,아이크래프트,KSQ,코스닥
119830,아이텍,KSQ,코스닥
052770,아이톡시,KSQ,코스닥
124500,아이티센글로벌,KSQ,코스닥
031820,아이티센씨티에스,STK,유가증권
010280,아이티센엔텍,KSQ,코스닥
232830,아이티센피엔에스,KSQ,코스닥
372800,아이티아이즈,KSQ,코스닥
084850,아이티엠반도체,KSQ,코스닥
309710,아이티켐,KSQ,코스닥
114840,아이패밀리에스씨,KSQ,코스닥
027360,아주IB투자,KSQ,코스닥
139990,아주스틸,STK,유가증권
032080,아즈텍WB,KSQ,코스닥
013310,아진산업,KSQ,코스닥
059120,아진엑스텍,KSQ,코스닥
009320,아진전자부품,STK,유가증권
0007C0,아크릴,KSQ,코스닥
158430,아톤,KSQ,코스닥
297570,아틀라스링크,KSQ,코스닥
200350,아티스트스튜디오,KSQ,코스닥
321820,아티스트컴퍼니,KSQ,코스닥
001540,안국약품,KSQ,코스닥
053800,안랩,KSQ,코스닥
065660,안트로젠,KSQ,코스닥
001780,알루코,STK,유가증권
260660,알리코제약,KSQ,코스닥
354320,알멕,KSQ,코스닥
361570,알비더블유,KSQ,코스닥
131370,알서포트,KSQ,코스닥
140670,알에스오토메이션,KSQ,코스닥
096610,알에프세미,KSQ,코스닥
061040,알에프텍,KSQ,코스닥
148250,알엔투테크놀로지,KSQ,코스닥
123010,알엔티엑스,KSQ,코스닥
476830,알지노믹스,KSQ,코스닥
347860,알체라,KSQ,코스닥
196170,알테오젠,KSQ,코스닥
123750,알톤,KSQ,코스닥
459550,알트,KSQ,코스닥
085810,알티캐스트,KSQ,코스닥
043100,알파AI,KSQ,코스닥
117670,알파칩스,KSQ,코스닥
314140,알피바이오,KSQ,코스닥
291650,압타머사이언스,KSQ,코스닥
293780,압타바이오,KSQ,코스닥
018250,애경산업,STK,유가증권
161000,애경케미칼,STK,유가증권
310200,애니플러스,KSQ,코스닥
179530,애드바이오텍,KSQ,코스닥
397810,애드포러스,KSQ,코스닥
0011A0,액스비스,KSQ,코스닥
052790,액토즈소프트,KSQ,코스닥
290740,액트로,KSQ,코스닥
238090,앤디포스,KSQ,코스닥
138360,앤로보틱스,KSQ,코스닥
092600,앤씨앤,KSQ,코스닥
129890,앱코,KSQ,코스닥
174900,앱클론,KSQ,코스닥
109960,앱토크롬,KSQ,코스닥
270520,앱튼,KSQ,코스닥
255440,야스,KSQ,코스닥
030960,양지사,KSQ,코스닥
102120,어보브반도체,KSQ,코스닥
238120,얼라인드,KSQ,코스닥
019990,에너토크,KSQ,코스닥
011090,에넥스,STK,유가증권
435570,에르코스,KSQ,코스닥
270660,에브리봇,KSQ,코스닥
038680,에스넷,KSQ,코스닥
137310,에스디바이오센서,STK,유가증권
217480,에스디생명공학,KSQ,코스닥
121890,에스디시스템,KSQ,코스닥
304360,에스바이오메딕스,KSQ,코스닥
389500,에스비비테크,KSQ,코스닥
042110,에스씨디,KSQ,코스닥
065420,에스아이리소스,KSQ,코스닥
103230,에스앤더블류,KSQ,코스닥
260970,에스앤디,KSQ,코스닥
101490,에스앤에스텍,KSQ,코스닥
095910,에스에너지,KSQ,코스닥
275630,에스에스알,KSQ,코스닥
031330,에스에이엠티,KSQ,코스닥
060540,에스에이티,KSQ,코스닥
0008Z0,에스엔시스,KSQ,코스닥
005850,에스엘,STK,유가증권
246250,에스엘에스바이오,KSQ,코스닥
041510,에스엠,KSQ,코스닥
010580,에스엠벡셀,STK,유가증권
460870,에스엠씨지,KSQ,코스닥
464080,에스오에스랩,KSQ,코스닥
109610,에스와이,KSQ,코스닥
365330,에스와이스틸텍,KSQ,코스닥
012750,에스원,STK,유가증권
306040,에스제이그룹,KSQ,코스닥
398120,에스지헬스케어,KSQ,코스닥
475660,에스켐,KSQ,코스닥
096630,에스코넥,KSQ,코스닥
069510,에스텍,KSQ,코스닥
488280,에스투더블유,KSQ,코스닥
234300,에스트래픽,KSQ,코스닥
039440,에스티아이,KSQ,코스닥
098660,에스티오,KSQ,코스닥
052020,에스티큐브,KSQ,코스닥
237690,에스티팜,KSQ,코스닥
458350,에스팀,KSQ,코스닥
050760,에스폴리텍,KSQ,코스닥
288620,에스프리즘,KSQ,코스닥
443670,에스피소프트,KSQ,코스닥
317830,에스피시스템스,KSQ,코스닥
058610,에스피지,KSQ,코스닥
043340,에쎈테크,KSQ,코스닥
023960,에쓰씨엔지니어링,STK,유가증권
163280,에어레인,KSQ,코스닥
298690,에어부산,STK,유가증권
200710,에이디테크놀로지,KSQ,코스닥
475580,에이럭스,KSQ,코스닥
096690,에이루트,KSQ,코스닥
078520,에이블씨엔씨,STK,유가증권
298380,에이비엘바이오,KSQ,코스닥
203400,에이비온,KSQ,코스닥
003800,에이스침대,KSQ,코스닥
088800,에이스테크,KSQ,코스닥
241840,에이스토리,KSQ,코스닥
364950,에이아이코리아,KSQ,코스닥
453860,에이에스텍,KSQ,코스닥
312610,에이에프더블류,KSQ,코스닥
015260,에이엔피,STK,유가증권
172670,에이엘티,KSQ,코스닥
481070,에이유브랜즈,KSQ,코스닥
060900,에이전트AI,KSQ,코스닥
445090,에이직랜드,KSQ,코스닥
295310,에이치브이엠,KSQ,코스닥
072990,에이치시티,KSQ,코스닥
044990,에이치엔에스하이텍,KSQ,코스닥
239610,에이치엘사이언스,KSQ,코스닥
0156T0,에이치엘지노믹스,KSQ,코스닥
036170,에이치엠넥스,KSQ,코스닥
148930,에이치와이티씨,KSQ,코스닥
044780,에이치케이,KSQ,코스닥
357230,에이치피오,KSQ,코스닥
355690,에이텀,KSQ,코스닥
071670,에이테크솔루션,KSQ,코스닥
045660,에이텍,KSQ,코스닥
224110,에이텍모빌리티,KSQ,코스닥
021080,에이티넘인베스트,KSQ,코스닥
200470,에이팩트,KSQ,코스닥
262260,에이프로,KSQ,코스닥
007460,에이프로젠,STK,유가증권
003060,에이프로젠바이오로직스,STK,유가증권
397030,에이프릴바이오,KSQ,코스닥
244920,에이플러스에셋,STK,유가증권
278470,에이피알,STK,유가증권
0009K0,에임드바이오,KSQ,코스닥
230240,에치에프알,KSQ,코스닥
159910,에코글로우,KSQ,코스닥
097780,에코볼트,KSQ,코스닥
038870,에코심플렉스,KSQ,코스닥
448280,에코아이,KSQ,코스닥
101360,에코앤드림,KSQ,코스닥
128540,에코캡,KSQ,코스닥
086520,에코프로,KSQ,코스닥
450080,에코프로머티,STK,유가증권
247540,에코프로비엠,KSQ,코스닥
383310,에코프로에이치엔,KSQ,코스닥
038110,에코플라스틱,KSQ,코스닥
073540,에프알텍,KSQ,코스닥
064850,에프앤가이드,KSQ,코스닥
036810,에프에스티,KSQ,코스닥
173940,에프엔씨엔터,KSQ,코스닥
083500,에프엔에스테크,KSQ,코스닥
317530,에피소드컴퍼니,KSQ,코스닥
054940,엑사이엔씨,KSQ,코스닥
950130,엑세스바이오,KSQ,코스닥
373110,엑셀세라퓨틱스,KSQ,코스닥
205100,엑셈,KSQ,코스닥
356680,엑스게이트,KSQ,코스닥
070300,엑스큐어,KSQ,코스닥
317770,엑스페릭스,KSQ,코스닥
373200,엑스플러스,KSQ,코스닥
069920,엑시온그룹,KSQ,코스닥
092870,엑시콘,KSQ,코스닥
019490,엑시큐어하이트론,STK,유가증권
317870,엔바이오니아,KSQ,코스닥
067570,엔브이에이치코리아,KSQ,코스닥
0004V0,엔비알모션,KSQ,코스닥
236810,엔비티,KSQ,코스닥
333620,엔시스,KSQ,코스닥
101400,엔시트론,KSQ,코스닥
475230,엔알비,KSQ,코스닥
265740,엔에프씨,KSQ,코스닥
354200,엔젠바이오,KSQ,코스닥
455900,엔젤로보틱스,KSQ,코스닥
419080,엔젯,KSQ,코스닥
183490,엔지켐생명과학,KSQ,코스닥
085310,엔케이,STK,유가증권
182400,엔케이젠바이오텍코리아,KSQ,코스닥
348370,엔켐,KSQ,코스닥
069410,엔텔스,KSQ,코스닥
227950,엔투텍,KSQ,코스닥
291230,엔피,KSQ,코스닥
048830,엔피케이,KSQ,코스닥
096870,엘디티,KSQ,코스닥
900140,엘브이엠씨홀딩스,STK,유가증권
290650,엘앤씨바이오,KSQ,코스닥
066970,엘앤에프,STK,유가증권
156100,엘앤케이바이오,KSQ,코스닥
073110,엘엠에스,KSQ,코스닥
083310,엘오티베큠,KSQ,코스닥
037950,엘컴텍,KSQ,코스닥
489500,엘케이켐,KSQ,코스닥
170920,엘티씨,KSQ,코스닥
058630,엠게임,KSQ,코스닥
226590,엠디바이스,KSQ,코스닥
058970,엠로,KSQ,코스닥
169330,엠브레인,KSQ,코스닥
097520,엠씨넥스,STK,유가증권
373170,엠아이큐브솔루션,KSQ,코스닥
179290,엠아이텍,KSQ,코스닥
484870,엠앤씨솔루션,STK,유가증권
009780,엠에스씨,KSQ,코스닥
123040,엠에스오토텍,KSQ,코스닥
432980,엠에프씨,KSQ,코스닥
007820,엠엑스로보틱스,KSQ,코스닥
347890,엠엑스온,KSQ,코스닥
413390,엠오티,KSQ,코스닥
032790,엠젠솔루션,KSQ,코스닥
033160,엠케이전자,KSQ,코스닥
033310,엠투엔,KSQ,코스닥
259630,엠플러스,KSQ,코스닥
105550,엣지파운드리,KSQ,코스닥
060850,영림원소프트랩,KSQ,코스닥
014440,영보화학,STK,유가증권
143540,영우디에스피,KSQ,코스닥
111770,영원무역,STK,유가증권
009970,영원무역홀딩스,STK,유가증권
003520,영진약품,STK,유가증권
000670,영풍,STK,유가증권
012280,영화금속,STK,유가증권
265560,영화테크,KSQ,코스닥
012160,영흥,STK,유가증권
036000,예림당,KSQ,코스닥
250930,예선테크,KSQ,코스닥
053280,예스24,KSQ,코스닥
122640,예스티,KSQ,코스닥
476040,오가노이드사이언스,KSQ,코스닥
900300,오가닉티코스메틱,KSQ,코스닥
045060,오공,KSQ,코스닥
192410,오늘이엔엠,KSQ,코스닥
080520,오디텍,KSQ,코스닥
007310,오뚜기,STK,유가증권
039830,오로라,KSQ,코스닥
322310,오로스테크놀로지,KSQ,코스닥
046120,오르비텍,KSQ,코스닥
475830,오름테라퓨틱,KSQ,코스닥
014940,오리엔탈정공,KSQ,코스닥
002630,오리엔트바이오,STK,유가증권
065500,오리엔트정공,KSQ,코스닥
271560,오리온,STK,유가증권
001800,오리온홀딩스,STK,유가증권
010470,오리콤,KSQ,코스닥
417860,오브젠,KSQ,코스닥
352910,오비고,KSQ,코스닥
053980,오상자이엘,KSQ,코스닥
036220,오상헬스케어,KSQ,코스닥
052420,오성첨단소재,KSQ,코스닥
052300,오션인더블유,KSQ,코스닥
039200,오스코텍,KSQ,코스닥
226400,오스테오닉,KSQ,코스닥
031510,오스템,KSQ,코스닥
342870,오아,KSQ,코스닥
368970,오에스피,KSQ,코스닥
138080,오이솔루션,KSQ,코스닥
080580,오킨스전자,KSQ,코스닥
067170,오텍,KSQ,코스닥
353590,오토앤,KSQ,코스닥
173130,오파스넷,KSQ,코스닥
440320,오픈놀,KSQ,코스닥
049480,오픈베이스,KSQ,코스닥
394280,오픈엣지테크놀로지,KSQ,코스닥
476060,온코닉테라퓨틱스,KSQ,코스닥
382150,온코크로스,KSQ,코스닥
005320,온타이드,STK,유가증권
244460,올리패스,KSQ,코스닥
226950,올릭스,KSQ,코스닥
057540,옴니시스템,KSQ,코스닥
131030,옵투스제약,KSQ,코스닥
082210,옵트론텍,KSQ,코스닥
109080,옵티시스,KSQ,코스닥
380540,옵티코어,KSQ,코스닥
153710,옵티팜,KSQ,코스닥
432430,와이랩,KSQ,코스닥
338840,와이바이오로직스,KSQ,코스닥
122990,와이솔,KSQ,코스닥
232140,와이씨,KSQ,코스닥
112290,와이씨켐,KSQ,코스닥
065530,와이어블,KSQ,코스닥
067900,와이엔텍,KSQ,코스닥
007530,와이엠,KSQ,코스닥
155650,와이엠씨,KSQ,코스닥
273640,와이엠텍,KSQ,코스닥
251370,와이엠티,KSQ,코스닥
209640,와이제이링크,KSQ,코스닥
096250,와이즈넛,KSQ,코스닥
273060,와이즈버즈,KSQ,코스닥
019210,와이지-원,KSQ,코스닥
122870,와이지엔터테인먼트,KSQ,코스닥
011690,와이투솔루션,STK,유가증권
079000,와토스코리아,KSQ,코스닥
403490,우듬지팜,KSQ,코스닥
316140,우리금융지주,STK,유가증권
032820,우리기술,KSQ,코스닥
041190,우리기술투자,KSQ,코스닥
115440,우리넷,KSQ,코스닥
046970,우리로,KSQ,코스닥
082850,우리바이오,KSQ,코스닥
215360,우리산업,KSQ,코스닥
072470,우리산업홀딩스,KSQ,코스닥
073560,우리손에프앤지,KSQ,코스닥
037400,우리엔터프라이즈,KSQ,코스닥
153490,우리이앤엘하루틴,KSQ,코스닥
101170,우림피티에스,KSQ,코스닥
006980,우성,STK,유가증권
011300,우성머티리얼스,STK,유가증권
017370,우신시스템,STK,유가증권
103840,우양,KSQ,코스닥
101970,우양에이치씨,KSQ,코스닥
046940,우원개발,KSQ,코스닥
065680,우주일렉트로,KSQ,코스닥
105840,우진,STK,유가증권
018620,우진비앤지,KSQ,코스닥
010400,우진아이엔에스,STK,유가증권
457550,우진엔텍,KSQ,코스닥
049800,우진플라임,STK,유가증권
016880,웅진,STK,유가증권
095720,웅진씽크빅,STK,유가증권
396470,워트,KSQ,코스닥
005820,원림,STK,유가증권
307280,원바이오젠,KSQ,코스닥
032940,원익,KSQ,코스닥
240810,원익IPS,KSQ,코스닥
074600,원익QnC,KSQ,코스닥
104830,원익머트리얼즈,KSQ,코스닥
014190,원익큐브,KSQ,코스닥
217820,원익피앤이,KSQ,코스닥
030530,원익홀딩스,KSQ,코스닥
012620,원일특강,KSQ,코스닥
136150,원일티엔아이,KSQ,코스닥
382840,원준,KSQ,코스닥
336570,원텍,KSQ,코스닥
376980,원티드랩,KSQ,코스닥
008370,원풍,KSQ,코스닥
008290,원풍물산,KSQ,코스닥
101160,월덱스,KSQ,코스닥
336060,웨이버스,KSQ,코스닥
095270,웨이브일렉트로,KSQ,코스닥
289930,웨이비스,KSQ,코스닥
065950,웰크론,KSQ,코스닥
076080,웰크론한텍,KSQ,코스닥
043590,웰킵스하이텍,KSQ,코스닥
196700,웹스,KSQ,코스닥
069080,웹젠,KSQ,코스닥
053580,웹케시,KSQ,코스닥
479960,위너스일렉,KSQ,코스닥
044340,위닉스,KSQ,코스닥
330350,위더스제약,KSQ,코스닥
348350,위드텍,KSQ,코스닥
112040,위메이드,KSQ,코스닥
101730,위메이드맥스,KSQ,코스닥
123420,위메이드플레이,KSQ,코스닥
065370,위세아이텍,KSQ,코스닥
038620,위즈코프,KSQ,코스닥
299900,위지윅스튜디오,KSQ,코스닥
036090,위지트,KSQ,코스닥
459100,위츠,KSQ,코스닥
136540,윈스테크넷,KSQ,코스닥
097800,윈팩,KSQ,코스닥
192390,윈하이텍,KSQ,코스닥
008600,윌비스,STK,유가증권
335870,윙스풋,KSQ,코스닥
900340,윙입푸드,KSQ,코스닥
033270,유나이티드제약,STK,유가증권
014830,유니드,STK,유가증권
446070,유니드비티플러스,STK,유가증권
036200,유니셈,KSQ,코스닥
018000,유니슨,KSQ,코스닥
000910,유니온,STK,유가증권
047400,유니온머티리얼,STK,유가증권
203450,유니온바이오메트릭스,KSQ,코스닥
011330,유니켐,STK,유가증권
077500,유니퀘스트,STK,유가증권
011320,유니크,KSQ,코스닥
086390,유니테스트,KSQ,코스닥
241690,유니테크노,KSQ,코스닥
142210,유니트론텍,KSQ,코스닥
389680,유디엠텍,KSQ,코스닥
088340,유라클,KSQ,코스닥
048430,유라테크,KSQ,코스닥
206650,유바이오로직스,KSQ,코스닥
089850,유비벨록스,KSQ,코스닥
084440,유비온,KSQ,코스닥
264450,유비쿼스,KSQ,코스닥
078070,유비쿼스홀딩스,KSQ,코스닥
002920,유성기업,STK,유가증권
024800,유성티엔에스,KSQ,코스닥
000700,유수홀딩스,STK,유가증권
054930,유신,KSQ,코스닥
069330,유아이디,KSQ,코스닥
049520,유아이엘,KSQ,코스닥
003470,유안타증권,STK,유가증권
263770,유에스티,KSQ,코스닥
072130,유엔젤,STK,유가증권
000220,유유제약,STK,유가증권
388720,유일로보틱스,KSQ,코스닥
023410,유진기업,KSQ,코스닥
056080,유진로봇,KSQ,코스닥
084370,유진테크,KSQ,코스닥
240600,유진테크놀로지,KSQ,코스닥
001200,유진투자증권,STK,유가증권
179900,유티아이,KSQ,코스닥
263050,유틸렉스,KSQ,코스닥
000100,유한양행,STK,유가증권
003460,유화증권,STK,유가증권
191410,육일씨엔에쓰,KSQ,코스닥
372170,윤성에프앤씨,KSQ,코스닥
146060,율촌,KSQ,코스닥
008730,율촌화학,STK,유가증권
008250,이건산업,STK,유가증권
039020,이건홀딩스,KSQ,코스닥
025820,이구산업,STK,유가증권
067920,이글루,KSQ,코스닥
044960,이글벳,KSQ,코스닥
303530,이노뎁,KSQ,코스닥
302430,이노메트리,KSQ,코스닥
214320,이노션,STK,유가증권
462350,이노스페이스,KSQ,코스닥
274400,이노시뮬레이션,KSQ,코스닥
296640,이노에이엑스,KSQ,코스닥
215790,이노인스트루먼트,KSQ,코스닥
344860,이노진,KSQ,코스닥
333050,이노테나,KSQ,코스닥
469610,이노테크,KSQ,코스닥
088390,이녹스,KSQ,코스닥
272290,이녹스첨단소재,KSQ,코스닥
053350,이니텍,KSQ,코스닥
452400,이닉스,KSQ,코스닥
264850,이랜시스,KSQ,코스닥
054210,이랜텍,KSQ,코스닥
009730,이렘,KSQ,코스닥
065440,이루온,KSQ,코스닥
139480,이마트,STK,유가증권
424870,이뮨온시아,KSQ,코스닥
115610,이미지스,KSQ,코스닥
131400,이브이첨단소재,KSQ,코스닥
351330,이삭엔지니어링,KSQ,코스닥
080010,이상네트웍스,KSQ,코스닥
457190,이수스페셜티케미컬,STK,유가증권
086890,이수앱지스,KSQ,코스닥
007660,이수페타시스,STK,유가증권
005950,이수화학,STK,유가증권
015020,이스타코,STK,유가증권
047560,이스트소프트,KSQ,코스닥
239340,이스트에이드,KSQ,코스닥
067010,이씨에스,KSQ,코스닥
456070,이엔셀,KSQ,코스닥
102710,이엔에프테크놀로지,KSQ,코스닥
074610,이엔플러스,STK,유가증권
041520,이엘씨,KSQ,코스닥
063760,이엘피,KSQ,코스닥
123570,이엠넷,KSQ,코스닥
083470,이엠앤아이,KSQ,코스닥
091120,이엠텍,KSQ,코스닥
102460,이연제약,STK,유가증권
039030,이오테크닉스,KSQ,코스닥
294090,이오플로우,KSQ,코스닥
088290,이원컴포텍,KSQ,코스닥
084680,이월드,STK,유가증권
353810,이지바이오,KSQ,코스닥
261520,이지스,KSQ,코스닥
099750,이지케어텍,KSQ,코스닥
377330,이지트로닉스,KSQ,코스닥
035810,이지홀딩스,KSQ,코스닥
092130,이크레더블,KSQ,코스닥
134060,이퓨쳐,KSQ,코스닥
001840,이화공영,KSQ,코스닥
000760,이화산업,STK,유가증권
014990,인디에프,STK,유가증권
041830,인바디,KSQ,코스닥
352940,인바이오,KSQ,코스닥
101140,인바이오젠,STK,유가증권
079950,인베니아,KSQ,코스닥
0007J0,인벤테라,KSQ,코스닥
389470,인벤티지랩,KSQ,코스닥
277410,인산가,KSQ,코스닥
060150,인선이엔티,KSQ,코스닥
033230,인성정보,KSQ,코스닥
450520,인스웨이브,KSQ,코스닥
465480,인스피언,KSQ,코스닥
037330,인지디스플레,KSQ,코스닥
100030,인지소프트,KSQ,코스닥
023800,인지컨트롤스,STK,유가증권
034590,인천도시가스,STK,유가증권
211050,인카금융서비스,KSQ,코스닥
083640,인콘,KSQ,코스닥
064090,인크레더블버즈,KSQ,코스닥
216050,인크로스,KSQ,코스닥
049070,인탑스,KSQ,코스닥
119610,인터로조,KSQ,코스닥
017250,인터엠,KSQ,코스닥
129260,인터지스,STK,유가증권
051370,인터플렉스,KSQ,코스닥
064290,인텍플러스,KSQ,코스닥
189300,인텔리안테크,KSQ,코스닥
287840,인투셀,KSQ,코스닥
048530,인트론바이오,KSQ,코스닥
070590,인티큐브,KSQ,코스닥
023810,인팩,STK,유가증권
115310,인포바인,KSQ,코스닥
039290,인포뱅크,KSQ,코스닥
071200,인피니트헬스케어,KSQ,코스닥
101930,인화정공,KSQ,코스닥
249420,일동제약,STK,유가증권
000230,일동홀딩스,STK,유가증권
013360,일성건설,STK,유가증권
003120,일성아이에스,STK,유가증권
333430,일승,KSQ,코스닥
068330,일신바이오,KSQ,코스닥
003200,일신방직,STK,유가증권
007110,일신석재,STK,유가증권
007570,일양약품,STK,유가증권
178780,일월지엠엘,KSQ,코스닥
019540,일지테크,KSQ,코스닥
081000,일진다이아,STK,유가증권
020760,일진디스플,STK,유가증권
103590,일진전기,STK,유가증권
094820,일진파워,KSQ,코스닥
271940,일진하이솔루스,STK,유가증권
015860,일진홀딩스,STK,유가증권
226320,잇츠한불,STK,유가증권
950140,잉글우드랩,KSQ,코스닥
049550,잉크테크,KSQ,코스닥
389020,자람테크놀로지,KSQ,코스닥
254120,자비스,KSQ,코스닥
043910,자연과환경,KSQ,코스닥
234920,자이글,KSQ,코스닥
289220,자이언트스텝,KSQ,코스닥
317400,자이에스앤디,STK,유가증권
033240,자화전자,STK,유가증권
049630,재영솔루텍,KSQ,코스닥
417840,저스템,KSQ,코스닥
000950,전방,STK,유가증권
079900,전진건설로봇,STK,유가증권
110020,전진바이오팜,KSQ,코스닥
208140,정다운,KSQ,코스닥
040420,정상제이엘에스,KSQ,코스닥
045510,정원엔시스,KSQ,코스닥
217190,제너셈,KSQ,코스닥
095700,제넥신,KSQ,코스닥
122310,제노레이,KSQ,코스닥
361390,제노코,KSQ,코스닥
225220,제놀루션,KSQ,코스닥
123330,제닉,KSQ,코스닥
381620,제닉스로보틱스,KSQ,코스닥
159580,제로투세븐,KSQ,코스닥
147830,제룡산업,KSQ,코스닥
033100,제룡전기,KSQ,코스닥
079370,제우스,KSQ,코스닥
054950,제이브이엠,KSQ,코스닥
090470,제이스로보틱스,KSQ,코스닥
023440,제이스코홀딩스,KSQ,코스닥
137950,제이씨케미칼,KSQ,코스닥
033320,제이씨현시스템,KSQ,코스닥
417500,제이아이테크,KSQ,코스닥
204270,제이앤티씨,KSQ,코스닥
127120,제이에스링크,KSQ,코스닥
194370,제이에스코퍼레이션,STK,유가증권
026040,제이에스티나,KSQ,코스닥
452160,제이엔비,KSQ,코스닥
126880,제이엔케이글로벌,KSQ,코스닥
322510,제이엘케이,KSQ,코스닥
033050,제이엠아이,KSQ,코스닥
094970,제이엠티,KSQ,코스닥
418550,제이오,KSQ,코스닥
060230,제이케이시냅스,KSQ,코스닥
420570,제이투케이바이오,KSQ,코스닥
089790,제이티,KSQ,코스닥
0010V0,제이피아이헬스케어,KSQ,코스닥
030000,제일기획,STK,유가증권
271980,제일약품,STK,유가증권
412540,제일엠앤에스,KSQ,코스닥
001560,제일연마,STK,유가증권
199820,제일일렉트릭,KSQ,코스닥
038010,제일테크노스,KSQ,코스닥
002620,제일파마홀딩스,STK,유가증권
080220,제주반도체,KSQ,코스닥
006220,제주은행,STK,유가증권
089590,제주항공,STK,유가증권
216080,제테마,KSQ,코스닥
337930,젝시믹스,KSQ,코스닥
229000,젠큐릭스,KSQ,코스닥
082270,젬백스,KSQ,코스닥
153890,져스텍,KSQ,코스닥
004910,조광페인트,STK,유가증권
004700,조광피혁,STK,유가증권
001550,조비,STK,유가증권
462520,조선내화,STK,유가증권
120030,조선선재,STK,유가증권
034940,조아제약,KSQ,코스닥
067000,조이시티,KSQ,코스닥
309930,조이웍스앤코,KSQ,코스닥
018470,조일알미늄,STK,유가증권
002600,조흥,STK,유가증권
018700,졸스,KSQ,코스닥
185750,종근당,STK,유가증권
063160,종근당바이오,STK,유가증권
001630,종근당홀딩스,STK,유가증권
033340,좋은사람들,KSQ,코스닥
036930,주성엔지니어링,KSQ,코스닥
109070,주성코퍼레이션,STK,유가증권
044380,주연테크,STK,유가증권
072020,중앙백신,KSQ,코스닥
000440,중앙에너비스,KSQ,코스닥
051980,중앙첨단소재,KSQ,코스닥
221800,지구홀딩스,KSQ,코스닥
228760,지노믹트리,KSQ,코스닥
314130,지놈앤컴퍼니,KSQ,코스닥
013890,지누스,STK,유가증권
389030,지니너스,KSQ,코스닥
263860,지니언스,KSQ,코스닥
303030,지니틱스,KSQ,코스닥
208350,지란지교시큐리티,KSQ,코스닥
446840,지슨,KSQ,코스닥
144510,지씨셀,KSQ,코스닥
340450,지씨지놈,KSQ,코스닥
306620,지아이에스,KSQ,코스닥
358570,지아이이노베이션,KSQ,코스닥
382480,지아이텍,KSQ,코스닥
382800,지앤비에스 에코,KSQ,코스닥
051160,지어소프트,KSQ,코스닥
053050,지에스이,KSQ,코스닥
388610,지에프씨생명과학,KSQ,코스닥
493330,지에프아이,KSQ,코스닥
119850,지엔씨에너지,KSQ,코스닥
065060,지엔코,KSQ,코스닥
204840,지엘팜텍,KSQ,코스닥
013870,지엠비코리아,STK,유가증권
071320,지역난방공사,STK,유가증권
311320,지오엘리먼트,KSQ,코스닥
456160,지투지바이오,KSQ,코스닥
388050,지투파워,KSQ,코스닥
088790,진도,STK,유가증권
018120,진로발효,KSQ,코스닥
109820,진매트릭스,KSQ,코스닥
086060,진바이오텍,KSQ,코스닥
036890,진성티이씨,KSQ,코스닥
363250,진시스템,KSQ,코스닥
003780,진양산업,STK,유가증권
007370,진양제약,KSQ,코스닥
010640,진양폴리,STK,유가증권
100250,진양홀딩스,STK,유가증권
051630,진양화학,STK,유가증권
272450,진에어,STK,유가증권
285800,진영,KSQ,코스닥
011000,진원생명과학,STK,유가증권
002780,진흥기업,STK,유가증권
025620,차AI헬스케어,STK,유가증권
085660,차바이오텍,KSQ,코스닥
351870,차이커뮤니케이션,KSQ,코스닥
009310,참엔지니어링,STK,유가증권
094850,참좋은여행,KSQ,코스닥
004650,창해에탄올,KSQ,코스닥
0011T0,채비,KSQ,코스닥
278280,천보,KSQ,코스닥
000650,천일고속,STK,유가증권
362320,청담글로벌,KSQ,코스닥
013720,청보,KSQ,코스닥
066360,체리부로,KSQ,코스닥
033250,체시스,STK,유가증권
047820,초록뱀미디어,KSQ,코스닥
094360,칩스앤미디어,KSQ,코스닥
0082N0,카나프테라퓨틱스,KSQ,코스닥
016920,카스,KSQ,코스닥
284620,카이노스메드,KSQ,코스닥
035720,카카오,STK,유가증권
293490,카카오게임즈,KSQ,코스닥
323410,카카오뱅크,STK,유가증권
377300,카카오페이,STK,유가증권
140430,카티스,KSQ,코스닥
042000,카페24,KSQ,코스닥
006380,카프로,STK,유가증권
313760,캐리,KSQ,코스닥
071850,캐스텍코리아,KSQ,코스닥
198080,캐프,KSQ,코스닥
210120,캔버스엔,KSQ,코스닥
050110,캠시스,KSQ,코스닥
452300,캡스톤파트너스,KSQ,코스닥
451760,컨텍,KSQ,코스닥
900310,컬러레이,KSQ,코스닥
078340,컴투스,KSQ,코스닥
063080,컴투스홀딩스,KSQ,코스닥
307930,컴퍼니케이,KSQ,코스닥
079190,케스피온,KSQ,코스닥
263700,케어랩스,KSQ,코스닥
214370,케어젠,KSQ,코스닥
221980,케이디켐,KSQ,코스닥
038530,케이바이오랩스,KSQ,코스닥
279570,케이뱅크,STK,유가증권
001620,케이비아이동국실업,STK,유가증권
192250,케이사인,KSQ,코스닥
431190,케이쓰리아이,KSQ,코스닥
029460,케이씨,STK,유가증권
115500,케이씨에스,KSQ,코스닥
281820,케이씨텍,STK,유가증권
089150,케이씨티,KSQ,코스닥
025880,케이씨피드,KSQ,코스닥
093320,케이아이엔엑스,KSQ,코스닥
093640,케이알엠,KSQ,코스닥
073010,케이에스피,KSQ,코스닥
105330,케이엔더블유,KSQ,코스닥
053080,케이엔솔,KSQ,코스닥
199430,케이엔알시스템,KSQ,코스닥
432470,케이엔에스,KSQ,코스닥
272110,케이엔제이,KSQ,코스닥
039420,케이엘넷,KSQ,코스닥
083550,케이엠,KSQ,코스닥
032500,케이엠더블유,KSQ,코스닥
225430,케이엠제약,KSQ,코스닥
102370,케이옥션,KSQ,코스닥
068100,케이웨더,KSQ,코스닥
106080,케이이엠텍,KSQ,코스닥
455180,케이지에이,KSQ,코스닥
381970,케이카,STK,유가증권
036030,케이티알파,KSQ,코스닥
064820,케이프,KSQ,코스닥
024880,케이피에프,KSQ,코스닥
042040,케이피엠테크,KSQ,코스닥
054410,케이피티유,KSQ,코스닥
288180,케이피항공산업,KSQ,코스닥
258610,케일럼,KSQ,코스닥
274090,켄코아에어로스페이스,KSQ,코스닥
089010,켐트로닉스,KSQ,코스닥
220260,켐트로스,KSQ,코스닥
052400,코나아이,KSQ,코스닥
402030,코난테크놀로지,KSQ,코스닥
391710,코닉오토메이션,KSQ,코스닥
046070,코다코,KSQ,코스닥
047770,코데즈컴바인,KSQ,코스닥
080530,코디,KSQ,코스닥
104540,코렌텍,KSQ,코스닥
027050,코리아나,KSQ,코스닥
007810,코리아써키트,STK,유가증권
190650,코리아에셋투자증권,KSQ,코스닥
123410,코리아에프티,KSQ,코스닥
003690,코리안리,STK,유가증권
036690,코맥스,KSQ,코스닥
049430,코메론,KSQ,코스닥
183300,코미코,KSQ,코스닥
041960,코미팜,KSQ,코스닥
089890,코세스,KSQ,코스닥
360350,코셈,KSQ,코스닥
082660,코스나인,KSQ,코스닥
043710,코스리거글로벌,KSQ,코스닥
192820,코스맥스,STK,유가증권
044820,코스맥스비티아이,STK,유가증권
222040,코스맥스엔비티,KSQ,코스닥
241710,코스메카코리아,KSQ,코스닥
439960,코스모로보틱스,KSQ,코스닥
005070,코스모신소재,STK,유가증권
005420,코스모화학,STK,유가증권
355150,코스텍시스,KSQ,코스닥
071950,코아스,STK,유가증권
166480,코아스템켐온,KSQ,코스닥
045970,코아시아,KSQ,코스닥
196450,코아시아씨엠,KSQ,코스닥
384470,코어라인소프트,KSQ,코스닥
002020,코오롱,STK,유가증권
003070,코오롱글로벌,STK,유가증권
102940,코오롱생명과학,KSQ,코스닥
120110,코오롱인더,STK,유가증권
950160,코오롱티슈진,KSQ,코스닥
021240,코웨이,STK,유가증권
056360,코위버,KSQ,코스닥
282880,코윈테크,KSQ,코스닥
121850,코이즈,KSQ,코스닥
448710,코츠테크놀로지,KSQ,코스닥
126730,코칩,KSQ,코스닥
015710,코콤,KSQ,코스닥
052330,코텍,KSQ,코스닥
322780,코퍼스코리아,KSQ,코스닥
036420,콘텐트리중앙,STK,유가증권
215380,콜마바이오텍,KSQ,코스닥
200130,콜마비앤에이치,KSQ,코스닥
024720,콜마홀딩스,STK,유가증권
294570,쿠콘,KSQ,코스닥
192400,쿠쿠홀딩스,STK,유가증권
284740,쿠쿠홈시스,STK,유가증권
464490,쿼드메디슨,KSQ,코스닥
317690,퀀타매트릭스,KSQ,코스닥
432720,퀄리타스반도체,KSQ,코스닥
365270,큐라클,KSQ,코스닥
348080,큐라티스,KSQ,코스닥
060280,큐렉소,KSQ,코스닥
372320,큐로셀,KSQ,코스닥
051780,큐로홀딩스,KSQ,코스닥
115180,큐리언트,KSQ,코스닥
494120,큐리오시스,KSQ,코스닥
445680,큐리옥스바이오시스템즈,KSQ,코스닥
182360,큐브엔터,KSQ,코스닥
405100,큐알티,KSQ,코스닥
066310,큐에스아이,KSQ,코스닥
377460,큐에이드,KSQ,코스닥
016600,큐캐피탈,KSQ,코스닥
355390,크라우드웍스,KSQ,코스닥
264900,크라운제과,STK,유가증권
005740,크라운해태홀딩스,STK,유가증권
259960,크래프톤,STK,유가증권
096240,크레버스,KSQ,코스닥
040350,크레오에스지,KSQ,코스닥
110790,크리스에프앤씨,KSQ,코스닥
900250,크리스탈신소재,KSQ,코스닥
045520,크린앤사이언스,KSQ,코스닥
214150,클래시스,KSQ,코스닥
466100,클로봇,KSQ,코스닥
237880,클리오,KSQ,코스닥
139670,키네마스터,KSQ,코스닥
020120,키다리스튜디오,STK,유가증권
475430,키스트론,KSQ,코스닥
039490,키움증권,STK,유가증권
054780,키이스트,KSQ,코스닥
256940,킵스파마,KSQ,코스닥
219130,타이거일렉,KSQ,코스닥
336680,탑런토탈솔루션,KSQ,코스닥
360070,탑머티리얼,KSQ,코스닥
065130,탑엔지니어링,KSQ,코스닥
134580,탑코미디어,KSQ,코스닥
014580,태경비케이,STK,유가증권
015890,태경산업,STK,유가증권
006890,태경케미컬,STK,유가증권
023160,태광,KSQ,코스닥
003240,태광산업,STK,유가증권
011280,태림포장,STK,유가증권
323280,태성,KSQ,코스닥
053620,태양,KSQ,코스닥
004100,태양금속,STK,유가증권
009410,태영건설,STK,유가증권
044490,태웅,KSQ,코스닥
124560,태웅로직스,KSQ,코스닥
001420,태원물산,STK,유가증권
191420,테고사이언스,KSQ,코스닥
950250,테라뷰,KSQ,코스닥
073640,테라사이언스,KSQ,코스닥
066700,테라젠이텍스,KSQ,코스닥
095610,테스,KSQ,코스닥
055490,테이팩스,STK,유가증권
064520,테크엘,KSQ,코스닥
089030,테크윙,KSQ,코스닥
054450,텔레칩스,KSQ,코스닥
078000,텔코웨어,STK,유가증권
200230,텔콘RF제약,KSQ,코스닥
214420,토니모리,STK,유가증권
393210,토마토시스템,KSQ,코스닥
475960,토모큐브,KSQ,코스닥
215480,토박스코리아,KSQ,코스닥
051360,토비스,KSQ,코스닥
045340,토탈소프트,KSQ,코스닥
108230,톱텍,KSQ,코스닥
079970,투비소프트,KSQ,코스닥
199800,툴젠,KSQ,코스닥
417790,트루엔,KSQ,코스닥
091810,트리니티항공,STK,유가증권
290090,트윔,KSQ,코스닥
026150,특수건설,KSQ,코스닥
464280,티디에스팜,KSQ,코스닥
117730,티로보틱스,KSQ,코스닥
033830,티비씨,KSQ,코스닥
057680,티사이언티픽,KSQ,코스닥
204610,티쓰리,KSQ,코스닥
125020,티씨머티리얼즈,KSQ,코스닥
064760,티씨케이,KSQ,코스닥
246710,티앤알바이오팹,KSQ,코스닥
340570,티앤엘,KSQ,코스닥
043220,티에스넥스젠,KSQ,코스닥
277880,티에스아이,KSQ,코스닥
131290,티에스이,KSQ,코스닥
019180,티에이치엔,STK,유가증권
425420,티에프이,KSQ,코스닥
484810,티엑스알로보틱스,KSQ,코스닥
131100,티엔엔터테인먼트,KSQ,코스닥
356860,티엘비,KSQ,코스닥
217590,티엠씨,STK,유가증권
363280,티와이홀딩스,STK,유가증권
321550,티움바이오,KSQ,코스닥
004870,티웨이홀딩스,STK,유가증권
425040,티이엠씨,KSQ,코스닥
241790,티이엠씨씨엔에스,KSQ,코스닥
022220,티케이지애강,KSQ,코스닥
104480,티케이케미칼,KSQ,코스닥
081150,티플랙스,KSQ,코스닥
130740,티피씨글로벌,KSQ,코스닥
084730,팅크웨어,KSQ,코스닥
440110,파두,KSQ,코스닥
034230,파라다이스,STK,유가증권
290560,파라택시스이더리움,KSQ,코스닥
288330,파라택시스코리아,KSQ,코스닥
033540,파라텍,KSQ,코스닥
388870,파로스아이바이오,KSQ,코스닥
043200,파루,KSQ,코스닥
214450,파마리서치,KSQ,코스닥
005690,파미셀,STK,유가증권
177830,파버나인,KSQ,코스닥
037070,파세코,KSQ,코스닥
150900,파수AI,KSQ,코스닥
037030,파워넷,KSQ,코스닥
047310,파워로직스,KSQ,코스닥
368770,파이버프로,KSQ,코스닥
170790,파이오링크,KSQ,코스닥
900100,파이온엑스,KSQ,코스닥
049120,파인디앤씨,KSQ,코스닥
038950,파인디지털,KSQ,코스닥
387570,파인메딕스,KSQ,코스닥
441270,파인엠텍,KSQ,코스닥
106240,파인테크닉스,KSQ,코스닥
131760,파인텍,KSQ,코스닥
065690,파커스,KSQ,코스닥
140860,파크시스템스,KSQ,코스닥
091700,파트론,KSQ,코스닥
032800,판타지오,KSQ,코스닥
318010,팜스빌,KSQ,코스닥
036580,팜스코,STK,유가증권
027710,팜스토리,KSQ,코스닥
004720,팜젠사이언스,STK,유가증권
225590,패션플랫폼,KSQ,코스닥
054300,팬스타엔터프라이즈,KSQ,코스닥
068050,팬엔터테인먼트,KSQ,코스닥
028670,팬오션,STK,유가증권
222110,팬젠,KSQ,코스닥
271830,팸텍,KSQ,코스닥
010820,퍼스텍,STK,유가증권
016800,퍼시스,STK,유가증권
263750,펄어비스,KSQ,코스닥
251970,펌텍코리아,KSQ,코스닥
187660,페니트리움바이오,KSQ,코스닥
0015S0,페스카로,KSQ,코스닥
001020,페이퍼코리아,STK,유가증권
168360,펨트론,KSQ,코스닥
087010,펩트론,KSQ,코스닥
090080,평화산업,STK,유가증권
010770,평화홀딩스,STK,유가증권
064800,포니링크,KSQ,코스닥
119500,포메탈,KSQ,코스닥
389140,포바이포,KSQ,코스닥
105760,포스뱅크,KSQ,코스닥
022100,포스코DX,STK,유가증권
058430,포스코스틸리온,STK,유가증권
009520,포스코엠텍,KSQ,코스닥
047050,포스코인터내셔널,STK,유가증권
003670,포스코퓨처엠,STK,유가증권
189690,포시에스,KSQ,코스닥
318020,포인트모바일,KSQ,코스닥
256630,포인트엔지니어링,KSQ,코스닥
331380,포커스에이아이,KSQ,코스닥
208710,포톤,KSQ,코스닥
472850,폰드그룹,KSQ,코스닥
039980,폴라리스AI,KSQ,코스닥
041910,폴라리스AI파마,KSQ,코스닥
220180,폴라리스AI핸디,KSQ,코스닥
234100,폴라리스세원,KSQ,코스닥
041020,폴라리스오피스,KSQ,코스닥
114630,폴라리스우노,KSQ,코스닥
487580,폴레드,KSQ,코스닥
290720,푸드나무,KSQ,코스닥
005670,푸드웰,KSQ,코스닥
094940,푸른로보틱스,KSQ,코스닥
007330,푸른저축은행,KSQ,코스닥
017810,풀무원,STK,유가증권
093380,풍강,KSQ,코스닥
023900,풍국주정,KSQ,코스닥
103140,풍산,STK,유가증권
005810,풍산홀딩스,STK,유가증권
371950,풍원정밀,KSQ,코스닥
298060,풍전약품,KSQ,코스닥
370090,퓨런티어,KSQ,코스닥
445180,퓨릿,KSQ,코스닥
220100,퓨쳐켐,KSQ,코스닥
035200,프럼파스트,KSQ,코스닥
334970,프레스티지바이오로직스,KSQ,코스닥
950210,프레스티지바이오파마,STK,유가증권
321260,프로이천,KSQ,코스닥
053610,프로텍,KSQ,코스닥
468530,프로티나,KSQ,코스닥
303360,프로티아,KSQ,코스닥
377220,프롬바이오,KSQ,코스닥
335810,프리시젼바이오,KSQ,코스닥
053160,프리엠스,KSQ,코스닥
006490,프리티,STK,유가증권
405000,플라즈맵,KSQ,코스닥
041590,플래스크,KSQ,코스닥
367000,플래티어,KSQ,코스닥
075130,플랜티넷,KSQ,코스닥
009810,플레이그램,STK,유가증권
237820,플레이디,KSQ,코스닥
023770,플레이위드,KSQ,코스닥
300080,플리토,KSQ,코스닥
033790,피노,KSQ,코스닥
032580,피델릭스,KSQ,코스닥
0117P0,피스피스스튜디오,KSQ,코스닥
051380,피씨디렉트,KSQ,코스닥
241820,피씨엘,KSQ,코스닥
452450,피아이이,KSQ,코스닥
237750,피앤씨테크,KSQ,코스닥
460940,피앤에스로보틱스,KSQ,코스닥
319660,피에스케이,KSQ,코스닥
031980,피에스케이홀딩스,KSQ,코스닥
002230,피에스텍,KSQ,코스닥
043370,피에이치에이,KSQ,코스닥
239890,피엔에이치테크,KSQ,코스닥
347740,피엔케이피부임상연구센타,KSQ,코스닥
137400,피엔티,KSQ,코스닥
257370,피엔티엠에스,KSQ,코스닥
147760,피엠티,KSQ,코스닥
128660,피제이메탈,KSQ,코스닥
006140,피제이전자,KSQ,코스닥
376180,피코그램,KSQ,코스닥
304840,피플바이오,KSQ,코스닥
087600,픽셀플러스,KSQ,코스닥
291810,핀텔,KSQ,코스닥
378340,필에너지,KSQ,코스닥
161580,필옵틱스,KSQ,코스닥
347770,핌스,KSQ,코스닥
163730,핑거,KSQ,코스닥
417180,핑거스토리,KSQ,코스닥
086790,하나금융지주,STK,유가증권
299030,하나기술,KSQ,코스닥
067310,하나마이크론,KSQ,코스닥
166090,하나머티리얼즈,KSQ,코스닥
293480,하나제약,STK,유가증권
039130,하나투어,STK,유가증권
136480,하림,KSQ,코스닥
003380,하림지주,KSQ,코스닥
450330,하스,KSQ,코스닥
101670,하이드로리튬,KSQ,코스닥
365590,하이딥,KSQ,코스닥
149980,하이로닉,KSQ,코스닥
013030,하이록코리아,KSQ,코스닥
352820,하이브,STK,유가증권
126700,하이비젼시스템,KSQ,코스닥
071090,하이스틸,STK,유가증권
160190,하이젠알앤엠,KSQ,코스닥
221840,하이즈항공,KSQ,코스닥
106190,하이텍팜,KSQ,코스닥
000080,하이트진로,STK,유가증권
000140,하이트진로홀딩스,STK,유가증권
065650,하이퍼코퍼레이션,KSQ,코스닥
066130,하츠,KSQ,코스닥
004590,한국가구,KSQ,코스닥
036460,한국가스공사,STK,유가증권
039340,한국경제TV,KSQ,코스닥
005430,한국공항,STK,유가증권
071050,한국금융지주,STK,유가증권
034950,한국기업평가,KSQ,코스닥
010040,한국내화,STK,유가증권
025540,한국단자,STK,유가증권
222980,한국맥널티,KSQ,코스닥
010100,한국무브넥스,STK,유가증권
256840,한국비엔씨,KSQ,코스닥
219750,한국비티비,KSQ,코스닥
004090,한국석유,STK,유가증권
025550,한국선재,KSQ,코스닥
002200,한국수출포장,STK,유가증권
002960,한국쉘석유,STK,유가증권
017890,한국알콜,KSQ,코스닥
000240,한국앤컴퍼니,STK,유가증권
080720,한국유니온제약,KSQ,코스닥
123890,한국자산신탁,STK,유가증권
015760,한국전력,STK,유가증권
041460,한국전자인증,KSQ,코스닥
006200,한국전자홀딩스,STK,유가증권
101680,한국정밀기계,KSQ,코스닥
039740,한국정보공학,KSQ,코스닥
053300,한국정보인증,KSQ,코스닥
025770,한국정보통신,KSQ,코스닥
027970,한국제지,STK,유가증권
023350,한국종합기술,STK,유가증권
025890,한국주강,STK,유가증권
000970,한국주철관,STK,유가증권
104700,한국철강,STK,유가증권
062970,한국첨단소재,KSQ,코스닥
017960,한국카본,STK,유가증권
023760,한국캐피탈,KSQ,코스닥
054040,한국컴퓨터,KSQ,코스닥
161890,한국콜마,STK,유가증권
021650,한국큐빅,KSQ,코스닥
161390,한국타이어앤테크놀로지,STK,유가증권
034830,한국토지신탁,STK,유가증권
007280,한국특강,STK,유가증권
032300,한국파마,KSQ,코스닥
037230,한국팩키지,KSQ,코스닥
448900,한국피아이엠,KSQ,코스닥
047810,한국항공우주,STK,유가증권
123690,한국화장품,STK,유가증권
003350,한국화장품제조,STK,유가증권
052600,한네트,KSQ,코스닥
011500,한농화성,STK,유가증권
002390,한독,STK,유가증권
256150,한독크린텍,KSQ,코스닥
092460,한라IMS,KSQ,코스닥
125490,한라캐스트,KSQ,코스닥
053690,한미글로벌,STK,유가증권
042700,한미반도체,STK,유가증권
008930,한미사이언스,STK,유가증권
128940,한미약품,STK,유가증권
452190,한빛레이저,KSQ,코스닥
047080,한빛소프트,KSQ,코스닥
009240,한샘,STK,유가증권
452280,한선엔지니어링,KSQ,코스닥
020000,한섬,STK,유가증권
003680,한성기업,STK,유가증권
066980,한성크린텍,KSQ,코스닥
105630,한세실업,STK,유가증권
069640,한세엠케이,STK,유가증권
016450,한세예스24홀딩스,STK,유가증권
009180,한솔로지스틱스,STK,유가증권
114810,한솔아이원스,KSQ,코스닥
213500,한솔제지,STK,유가증권
014680,한솔케미칼,STK,유가증권
004710,한솔테크닉스,STK,유가증권
004150,한솔홀딩스,STK,유가증권
025750,한솔홈데코,STK,유가증권
042520,한스바이오메드,KSQ,코스닥
004960,한신공영,STK,유가증권
011700,한신기계,STK,유가증권
430690,한싹,KSQ,코스닥
078350,한양디지텍,KSQ,코스닥
045100,한양이엔지,KSQ,코스닥
001750,한양증권,STK,유가증권
018880,한온시스템,STK,유가증권
009420,한올바이오파마,STK,유가증권
320000,한울반도체,KSQ,코스닥
091440,한울소재과학,KSQ,코스닥
276730,한울앤제주,KSQ,코스닥
014130,한익스프레스,STK,유가증권
024740,한일단조,KSQ,코스닥
005860,한일사료,KSQ,코스닥
300720,한일시멘트,STK,유가증권
002220,한일철강,STK,유가증권
003300,한일홀딩스,STK,유가증권
007770,한일화학,KSQ,코스닥
051600,한전KPS,STK,유가증권
052690,한전기술,STK,유가증권
130660,한전산업,STK,유가증권
198940,한주라이트메탈,KSQ,코스닥
058450,한주에이알티,KSQ,코스닥
107640,한중엔시에스,KSQ,코스닥
002320,한진,STK,유가증권
003480,한진중공업홀딩스,STK,유가증권
180640,한진칼,STK,유가증권
005110,한창,STK,유가증권
079170,한창산업,KSQ,코스닥
009460,한창제지,STK,유가증권
030520,한컴,KSQ,코스닥
372910,한컴라이프케어,STK,유가증권
054920,한컴위드,KSQ,코스닥
457370,한켐,KSQ,코스닥
002680,한탑,KSQ,코스닥
098070,한텍,KSQ,코스닥
408470,한패스,KSQ,코스닥
000880,한화,STK,유가증권
452260,한화갤러리아,STK,유가증권
489790,한화비전,STK,유가증권
088350,한화생명,STK,유가증권
000370,한화손해보험,STK,유가증권
009830,한화솔루션,STK,유가증권
272210,한화시스템,STK,유가증권
012450,한화에어로스페이스,STK,유가증권
082740,한화엔진,STK,유가증권
042660,한화오션,STK,유가증권
003530,한화투자증권,STK,유가증권
195870,해성디에스,STK,유가증권
034810,해성산업,KSQ,코스닥
059270,해성에어로보틱스,KSQ,코스닥
076610,해성옵틱스,KSQ,코스닥
101530,해태제과식품,STK,유가증권
143210,핸즈코퍼레이션,STK,유가증권
900270,헝셩그룹,KSQ,코스닥
214180,헥토이노베이션,KSQ,코스닥
234340,헥토파이낸셜,KSQ,코스닥
084990,헬릭스미스,KSQ,코스닥
000720,현대건설,STK,유가증권
170030,현대공업,KSQ,코스닥
453340,현대그린푸드,STK,유가증권
086280,현대글로비스,STK,유가증권
064350,현대로템,STK,유가증권
079430,현대리바트,STK,유가증권
012330,현대모비스,STK,유가증권
319400,현대무벡스,KSQ,코스닥
048410,현대바이오,KSQ,코스닥
052260,현대바이오랜드,KSQ,코스닥
069960,현대백화점,STK,유가증권
004560,현대비앤지스틸,STK,유가증권
016790,현대사료,KSQ,코스닥
004310,현대약품,STK,유가증권
041440,현대에버다임,KSQ,코스닥
039010,현대에이치티,KSQ,코스닥
017800,현대엘리베이터,STK,유가증권
307950,현대오토에버,STK,유가증권
011210,현대위아,STK,유가증권
090850,현대이지웰,KSQ,코스닥
004020,현대제철,STK,유가증권
005440,현대지에프홀딩스,STK,유가증권
005380,현대차,STK,유가증권
001500,현대차증권,STK,유가증권
011760,현대코퍼레이션,STK,유가증권
227840,현대코퍼레이션홀딩스,STK,유가증권
126560,현대퓨처넷,STK,유가증권
001450,현대해상,STK,유가증권
460930,현대힘스,KSQ,코스닥
092300,현우산업,KSQ,코스닥
011080,형지I&C,KSQ,코스닥
308100,형지글로벌,KSQ,코스닥
093240,형지엘리트,STK,유가증권
003010,혜인,STK,유가증권
111110,호전실업,STK,유가증권
008770,호텔신라,STK,유가증권
064240,홈캐스트,KSQ,코스닥
039610,화성밸브,KSQ,코스닥
378850,화승알앤에이,STK,유가증권
241590,화승엔터프라이즈,STK,유가증권
006060,화승인더,STK,유가증권
013520,화승코퍼레이션,STK,유가증권
010690,화신,STK,유가증권
126640,화신정공,KSQ,코스닥
133820,화인베스틸,STK,유가증권
127980,화인써키트,KSQ,코스닥
061250,화일약품,KSQ,코스닥
010660,화천기계,STK,유가증권
000850,화천기공,STK,유가증권
016580,환인제약,STK,유가증권
032560,황금에스티,STK,유가증권
004800,효성,STK,유가증권
094280,효성ITX,STK,유가증권
097870,효성오앤비,KSQ,코스닥
298040,효성중공업,STK,유가증권
298020,효성티앤씨,STK,유가증권
298000,효성화학,STK,유가증권
093370,후성,STK,유가증권
290270,휴네시온,KSQ,코스닥
005870,휴니드,STK,유가증권
353190,휴럼,KSQ,코스닥
090710,휴림로봇,KSQ,코스닥
078590,휴림에이텍,KSQ,코스닥
205470,휴마시스,KSQ,코스닥
115160,휴맥스,KSQ,코스닥
028080,휴맥스홀딩스,KSQ,코스닥
200670,휴메딕스,KSQ,코스닥
079980,휴비스,STK,유가증권
065510,휴비츠,KSQ,코스닥
005010,휴스틸,STK,유가증권
263920,휴엠앤씨,KSQ,코스닥
243070,휴온스,KSQ,코스닥
084110,휴온스글로벌,KSQ,코스닥
145020,휴젤,KSQ,코스닥
024060,흥구석유,KSQ,코스닥
010240,흥국,KSQ,코스닥
189980,흥국에프엔비,KSQ,코스닥
000540,흥국화재,STK,유가증권
003280,흥아해운,STK,유가증권
037440,희림,KSQ,코스닥
238490,힘스,KSQ,코스닥
